geo,name,1800,1801,1802,1803,1804,1805,1806,1807,1808,1809,1810,1811,1812,1813,1814,1815,1816,1817,1818,1819,1820,1821,1822,1823,1824,1825,1826,1827,1828,1829,1830,1831,1832,1833,1834,1835,1836,1837,1838,1839,1840,1841,1842,1843,1844,1845,1846,1847,1848,1849,1850,1851,1852,1853,1854,1855,1856,1857,1858,1859,1860,1861,1862,1863,1864,1865,1866,1867,1868,1869,1870,1871,1872,1873,1874,1875,1876,1877,1878,1879,1880,1881,1882,1883,1884,1885,1886,1887,1888,1889,1890,1891,1892,1893,1894,1895,1896,1897,1898,1899,1900,1901,1902,1903,1904,1905,1906,1907,1908,1909,1910,1911,1912,1913,1914,1915,1916,1917,1918,1919,1920,1921,1922,1923,1924,1925,1926,1927,1928,1929,1930,1931,1932,1933,1934,1935,1936,1937,1938,1939,1940,1941,1942,1943,1944,1945,1946,1947,1948,1949,1950,1951,1952,1953,1954,1955,1956,1957,1958,1959,1960,1961,1962,1963,1964,1965,1966,1967,1968,1969,1970,1971,1972,1973,1974,1975,1976,1977,1978,1979,1980,1981,1982,1983,1984,1985,1986,1987,1988,1989,1990,1991,1992,1993,1994,1995,1996,1997,1998,1999,2000,2001,2002,2003,2004,2005,2006,2007,2008,2009,2010,2011,2012,2013,2014,2015,2016,2017,2018,2019,2020,2021,2022,2023,2024,2025,2026,2027,2028,2029,2030,2031,2032,2033,2034,2035,2036,2037,2038,2039,2040,2041,2042,2043,2044,2045,2046,2047,2048,2049,2050
afg,Afghanistan,207,207,207,207,207,207,207,207,207,207,207,207,207,207,207,207,207,207,207,207,207,209,209,210,211,211,212,213,213,214,215,215,216,217,218,218,219,220,221,222,222,223,224,225,225,226,227,228,228,229,230,231,232,232,233,234,235,235,236,237,238,239,239,240,241,242,243,244,244,245,246,247,248,249,250,250,251,252,253,254,254,258,262,266,269,273,276,280,283,286,290,293,296,299,302,306,309,312,315,317,320,323,325,328,331,333,335,338,340,342,344,346,348,351,353,355,357,360,362,364,366,368,371,373,376,378,380,382,384,387,388,390,392,394,395,397,398,400,401,402,403,404,405,406,407,407,408,408,408,408,409,414,420,438,440,440,452,443,459,462,469,463,460,459,456,456,450,451,456,452,450,437,356,357,367,380,391,361,378,362,360,404,449,476,473,461,475,428,389,353,340,311,298,204,151,224,212,202,193,183,178,173,366,380,369,395,404,449,456,541,607,617,714,728,695,655,611,578,531,530,500,508,519,531,539,548,557,567,577,587,598,610,622,635,648,662,676,690,705,720,735,751,767,783,800,817,834,852,870,888,907
ago,Angola,517,519,522,524,525,528,531,533,536,537,540,542,545,547,550,552,554,556,559,561,564,564,565,566,566,567,567,567,567,568,568,570,570,570,570,570,571,571,572,573,573,573,573,574,574,574,575,575,575,576,576,576,576,576,577,577,577,577,578,578,578,578,579,578,579,579,579,579,579,579,579,579,579,579,579,579,579,579,579,579,579,579,579,579,579,579,579,579,579,579,579,578,578,578,577,577,577,577,577,576,576,576,576,576,575,574,574,573,573,573,573,573,572,571,585,600,614,629,644,659,675,693,711,730,749,769,789,809,830,852,874,897,919,943,967,993,1018,1043,1070,1098,1126,1154,1183,1213,1244,1276,1308,1341,1374,1408,1444,1477,1511,1546,1481,1576,1523,1642,1703,1681,1719,1916,1832,1894,2072,2190,2278,2370,2294,2321,2426,2371,2350,2455,2347,1472,1309,1291,1317,1314,1319,1267,1183,1109,1084,1069,952,1043,1171,1566,1410,2437,1993,525,544,701,502,705,648,513,540,573,860,990,1323,1735,2253,3048,3671,3808,3841,3968,4725,5357,5528,5020,4189,3760,3343,3026,2140,2085,2073,2082,2097,2115,2130,2147,2167,2192,2223,2259,2299,2344,2391,2441,2492,2545,2599,2654,2711,2768,2827,2887,2948,3011,3075,3140,3206,3275,3344
alb,Albania,207,207,207,207,207,207,207,207,207,207,207,207,207,207,207,207,207,207,207,207,207,208,208,209,209,210,210,210,211,212,212,212,213,213,214,214,215,215,216,217,217,217,218,218,219,219,220,220,221,221,222,222,223,223,224,224,225,225,226,226,227,227,227,227,227,227,227,227,226,226,226,230,233,236,240,244,247,251,254,258,262,266,270,274,278,282,286,290,295,299,303,308,312,316,320,325,329,334,338,343,348,352,357,362,366,371,376,381,386,391,396,401,406,412,415,419,422,426,429,433,436,440,444,447,451,455,458,462,466,470,472,473,475,477,479,481,482,484,486,488,490,491,493,495,497,499,501,503,504,506,508,530,531,553,568,599,606,644,673,701,736,744,770,798,826,858,892,928,963,998,1037,1080,1124,1182,1189,1195,1203,1210,1217,1226,1237,1246,1255,1265,1274,1283,1293,1304,1315,1384,1175,724,477,538,627,1020,1395,1253,1358,1478,1650,1880,1996,2300,2751,3318,3797,4287,4894,5141,5185,5132,4941,5088,5010,4875,4800,4676,5061,5329,5210,5479,5708,5945,6163,6389,6623,6860,7093,7318,7531,7733,7925,8109,8290,8470,8652,8836,9024,9215,9411,9611,9815,10023,10236,10453,10676,10902,11134,11370,11611
are,UAE,738,740,743,746,749,751,754,757,760,763,765,768,771,774,777,780,783,785,789,791,795,797,800,803,806,809,812,815,819,822,825,828,831,834,838,840,843,847,850,853,856,859,863,866,869,872,876,878,882,885,889,892,896,899,902,906,909,912,916,919,922,926,929,933,937,940,944,947,951,954,958,972,986,1000,1015,1029,1045,1060,1075,1091,1107,1124,1140,1157,1177,1198,1223,1250,1280,1314,1353,1398,1449,1506,1571,1645,1727,1819,1922,2037,2164,2305,2462,2633,2822,3029,3255,3502,3772,4065,4383,4726,5098,5501,5566,5631,5698,5761,5822,6512,7279,8133,9078,9550,10041,10549,10908,11277,11650,11397,11147,10893,10640,10386,10130,10482,10844,11209,11576,11945,12325,12707,13100,13483,13878,14598,15346,16123,16930,17767,18635,20249,20900,22320,24097,23853,24694,24579,24688,25965,27186,31232,35959,40499,45033,49434,53624,57488,60553,61989,63022,67035,61866,60272,61808,55734,55448,56665,48658,54130,61776,59180,51099,45887,45300,41807,31655,31466,29174,30942,33797,33248,33274,32951,34930,36981,38547,41335,41327,42487,47092,46956,45083,45686,47375,47487,49026,49051,48347,42042,39721,40766,44444,48010,48961,47610,45054,42815,43185,44664,39410,39424,39244,39060,38879,38700,38523,38407,38402,38546,38851,39314,39915,40624,41414,42259,43142,44053,44987,45942,46917,47913,48930,49969,51030,52113,53220,54349,55503,56681,57885
arg,Argentina,794,797,799,802,805,808,810,813,816,819,822,824,828,830,833,836,839,842,845,848,851,857,864,870,877,883,890,897,903,910,917,924,931,938,945,953,960,967,974,982,989,996,1004,1012,1019,1027,1035,1043,1050,1058,1066,1075,1083,1092,1101,1110,1119,1128,1137,1146,1155,1164,1174,1183,1193,1202,1212,1222,1232,1242,1251,1279,1307,1335,1364,1394,1396,1508,1401,1425,1368,1359,1662,1804,1864,2088,2017,2054,2257,2293,2059,1942,2273,2358,2657,2879,3057,2407,2536,2895,2451,2455,2316,2550,2720,2966,2999,2949,3117,3153,3258,3194,3328,3237,2815,2765,2635,2378,2769,2819,2961,2959,3100,3323,3457,3341,3405,3543,3658,3723,3478,3164,3002,3087,3278,3367,3335,3516,3472,3536,3547,3669,3652,3565,3904,3713,3977,4338,4477,4303,4251,4324,4021,4155,4245,4465,4505,4655,4858,4468,4739,5030,4904,4743,5186,5612,5604,5709,5905,6358,6638,6888,7028,7374,7765,7614,7512,7878,7451,7899,7925,7390,7080,7260,7340,6795,7222,7338,7133,5336,5765,6816,10342,11971,12565,11725,12134,12768,12683,11790,11203,10281,5887,5087,4415,5395,6822,8066,9292,9357,11024,12464,13451,14390,13606,13982,13577,14323,12944,11464,9070,9504,9643,9745,9813,9875,9927,9989,10069,10174,10307,10466,10650,10853,11071,11301,11538,11783,12032,12288,12548,12815,13087,13365,13649,13939,14234,14537,14845,15160,15482
arm,Armenia,111,111,111,111,111,111,111,111,111,111,111,111,111,111,111,111,111,111,111,111,111,112,112,112,113,113,114,114,115,115,115,116,117,117,117,118,118,119,119,119,120,121,121,121,122,122,123,124,124,124,125,125,126,126,127,127,128,128,129,129,130,130,131,131,132,132,133,133,134,134,135,135,136,136,137,137,138,139,139,140,140,141,141,142,142,143,137,160,153,142,142,129,141,160,181,168,184,181,185,196,191,196,212,197,221,199,193,188,208,219,237,222,243,258,250,260,256,216,182,154,148,143,157,172,189,207,228,250,274,301,318,323,321,336,370,427,460,502,505,530,512,506,500,495,494,494,494,559,643,714,788,791,842,879,921,999,1093,1114,1195,1180,1288,1325,1326,1264,1392,1436,1471,1501,1552,1537,1616,1618,1585,1673,1622,1571,1521,1472,1424,1375,1328,1327,1325,1293,1294,1292,1239,1129,1036,1130,1000,891,528,605,660,749,815,877,932,949,990,1043,1166,1338,1546,1950,2515,3420,4361,4012,4127,4108,4397,4606,4568,4453,4178,4305,4415,4749,4220,4262,4413,4644,4862,5080,5308,5539,5765,5980,6180,6364,6534,6694,6847,6997,7148,7300,7456,7614,7776,7941,8109,8281,8457,8637,8820,9008,9199,9394,9593
atg,Antigua and Barbuda,650,650,650,650,650,650,650,650,650,650,650,650,650,650,650,650,652,652,652,652,652,656,660,665,670,674,678,683,688,692,697,701,707,711,716,721,726,730,736,741,745,750,756,761,766,771,776,781,787,793,798,803,809,814,819,825,830,836,842,848,853,859,865,871,877,882,889,895,901,907,912,918,925,932,938,944,951,956,963,969,976,983,989,996,1003,1010,1017,1024,1031,1038,1044,1051,1059,1065,1072,1080,1087,1094,1101,1110,1117,1125,1133,1140,1147,1155,1163,1171,1179,1186,1194,1203,1210,1220,1249,1280,1312,1344,1377,1411,1446,1481,1517,1555,1593,1631,1672,1713,1754,1797,1842,1886,1933,1980,2028,2078,2129,2180,2234,2289,2344,2370,2394,2420,2444,2469,2493,2517,2540,2563,2586,2609,2630,2653,2673,2693,2714,2732,2752,2768,2785,2865,2946,3026,3107,3189,3271,3352,3434,3516,3596,3898,4248,4696,4950,4763,4405,4792,5023,5630,6078,6450,6543,7060,7661,8335,9129,10026,10879,11746,12325,12767,12727,13383,13934,12968,13639,14224,14641,14948,15147,14467,14076,14676,15001,15728,17193,18696,18474,16336,15092,14396,14482,14143,14080,14271,15088,15609,16537,16732,13750,13146,14499,15193,15870,16270,16533,16806,17092,17396,17720,18064,18426,18805,19197,19602,20017,20441,20875,21318,21771,22233,22705,23187,23680,24182,24695,25219,25755,26302,26860
aus,Australia,763,769,773,777,782,786,790,794,799,804,809,805,802,799,794,791,788,784,780,776,794,802,825,852,901,944,961,991,1017,1071,1300,1345,1373,1380,1450,1755,1724,1809,1786,1667,2107,1796,1639,1900,2160,2222,2456,2842,3252,3211,3028,3593,4215,4614,4042,3836,4680,4130,3521,4548,4437,4370,4201,4185,4440,4235,4359,4767,4839,4744,5018,5058,5447,5862,5880,6344,6143,6187,6557,6447,6570,6830,6228,6861,6599,6779,6636,7101,6905,7278,6835,7154,6125,5684,5773,5346,5650,5243,5965,5887,6153,5886,5861,6249,6585,6565,6910,7077,7195,7637,7988,7826,7816,7906,7707,7508,7478,7346,7056,7230,7307,7529,7764,7960,8306,8513,8544,8500,8358,8069,7218,6675,6997,7423,7758,8153,8456,8809,9024,8962,9453,10407,11506,11810,11287,10605,10110,10216,10681,11095,11364,11509,11372,11506,11945,12306,12431,12402,12733,13228,13478,13262,13830,14396,15078,15537,15668,16415,17044,17669,18370,18770,18938,19654,19811,20086,20672,20645,20978,21809,21942,22312,21926,21656,22900,23767,23939,24745,25432,28391,31318,32173,31588,31777,31100,30731,32106,34355,34400,33349,31689,29610,29186,29505,33501,38484,42515,46263,51315,52913,55527,58630,68286,74022,71924,67179,60098,56113,55264,55954,53690,56005,57137,57763,58355,58996,59692,60429,61240,62148,63166,64292,65517,66825,68200,69627,71097,72603,74144,75718,77325,78966,80643,82355,84103,85890,87713,89575,91477,93418,95401
aut,Austria,1942,1949,1958,1965,1974,1980,1989,1997,2005,2013,2022,2029,2038,2045,2053,2061,2069,2077,2085,2092,2099,2129,2158,2188,2219,2250,2281,2313,2346,2378,2412,2431,2450,2470,2490,2510,2529,2550,2571,2591,2612,2634,2656,2680,2702,2726,2748,2772,2796,2820,2844,2866,2887,2908,2931,2952,2975,2997,3019,3042,3065,3079,3093,3108,3123,3138,3153,3167,3182,3197,3212,3411,3407,3297,3415,3401,3448,3534,3620,3564,3584,3697,3689,3808,3875,3818,3910,4144,4100,4028,4211,4320,4370,4352,4559,4634,4655,4706,4921,4975,4968,4936,5076,5070,5096,5326,5474,5754,5723,5647,5671,5800,6042,5972,4957,4573,4530,4458,4405,3894,4158,4568,4960,4899,5452,5804,5883,6042,6303,6376,6181,5668,5068,4884,4917,5012,5163,5440,6135,7060,6825,7269,6866,7008,7157,2974,3372,3734,4765,5676,6388,6825,6837,7131,7852,8709,9304,9853,10183,10430,11237,11852,12150,12650,13414,13805,14578,15012,15704,16745,17993,18954,20147,21151,22090,22210,23417,24659,24745,26303,27080,27166,27819,28858,29125,29935,30787,31448,32547,35148,37281,38512,41777,41814,43104,44910,47172,46308,44176,42122,40178,37145,36384,39052,44218,49032,51616,55147,59492,58859,58999,58874,56728,56819,55581,52697,51332,49039,50974,51929,48350,49782,51516,52439,53221,53910,54607,55340,56136,57012,57978,59036,60176,61387,62655,63968,65320,66704,68119,69565,71042,72551,74090,75664,77270,78911,80585,82297,84044,85828,87650
aze,Azerbaijan,33,33,33,33,33,33,33,33,33,33,33,33,33,33,33,33,33,33,33,33,33,33,33,34,34,34,34,34,35,35,35,35,35,36,36,36,36,36,37,37,37,37,37,38,38,38,38,38,39,39,39,39,39,40,40,40,40,41,41,41,41,41,42,42,42,42,43,43,43,43,44,44,44,44,45,45,45,45,46,46,46,46,47,47,47,47,46,53,51,47,47,43,47,54,61,56,62,61,62,66,65,66,72,67,74,65,62,60,65,68,72,67,72,76,72,74,66,58,35,31,31,28,33,38,48,60,67,70,73,74,78,79,77,80,88,100,107,116,116,121,116,114,112,110,108,105,103,115,129,141,153,151,157,161,166,177,190,190,201,195,209,216,217,208,230,239,246,253,263,263,279,282,279,297,297,297,296,296,296,295,295,307,320,327,340,347,350,362,374,337,295,288,220,167,132,287,376,642,806,933,945,999,1078,1171,1258,1634,2390,3382,4712,5790,6434,6482,7343,8349,8541,7341,5322,4480,4249,4596,4480,4530,4552,4574,4598,4622,4646,4676,4714,4763,4825,4899,4985,5081,5183,5290,5402,5516,5633,5752,5874,5999,6127,6257,6389,6525,6664,6805,6950,7097,7248
bdi,Burundi,177,177,178,178,178,178,178,179,179,179,179,179,179,179,179,180,180,180,180,180,181,181,181,181,181,182,182,182,182,182,182,182,183,183,183,183,183,184,184,184,184,184,184,184,184,185,185,186,186,186,186,186,186,186,186,187,187,187,187,187,187,187,188,188,188,188,188,189,189,189,189,189,190,190,190,190,190,190,190,191,191,191,191,191,192,192,192,192,192,193,193,193,193,193,193,193,194,194,194,194,195,195,195,195,195,195,195,196,196,196,197,197,197,197,197,197,197,198,198,198,198,200,201,203,204,206,208,209,211,213,214,216,217,219,221,223,224,226,227,229,231,234,236,239,242,245,248,251,254,256,259,270,273,280,290,294,300,306,309,321,320,267,285,291,300,302,307,327,316,305,379,382,365,387,379,369,399,424,432,418,392,417,404,405,394,429,436,442,450,419,398,388,358,303,264,239,219,235,237,218,195,191,189,167,157,177,187,211,230,240,262,268,283,291,287,289,289,283,260,245,230,230,231,233,234,234,234,234,235,237,239,242,246,251,256,261,266,272,278,284,290,296,302,309,315,322,329,336,343,350,357
bel,Belgium,2448,2451,2454,2457,2461,2464,2467,2471,2474,2477,2481,2484,2487,2487,2487,2487,2487,2487,2487,2487,2487,2500,2513,2527,2540,2553,2566,2580,2593,2607,2620,2634,2648,2662,2675,2689,2704,2718,2732,2746,2761,2775,2789,2804,2818,2833,2848,2963,2950,3009,3106,3171,3236,3299,3482,3483,3649,3717,3719,3694,3856,3884,3958,4042,4147,4116,4209,4199,4320,4478,4526,4510,4748,4742,4860,4811,4834,4849,4946,4952,5155,5163,5274,5288,5274,5277,5302,5465,5460,5682,5764,5709,5787,5809,5831,5906,5971,6030,6078,6148,6273,6253,6287,6343,6426,6528,6587,6612,6613,6677,6834,6975,7072,7096,6596,6487,6860,5917,4811,5698,6661,6820,7420,7623,7799,7846,8045,8278,8641,8499,8372,8172,7746,7870,7776,8229,8261,8342,8125,8660,7671,7328,6721,6570,6914,7286,7691,8071,8447,8732,9184,9664,9531,9784,10138,10559,10799,10922,10832,11112,11689,12248,12861,13392,14268,14703,15140,15717,16381,17502,18614,19324,20347,21615,22547,22277,23592,23810,24566,25222,26430,26191,26654,26759,27532,27907,28424,29184,30637,32835,34896,36340,39477,39359,41373,43126,44758,44569,41902,40411,38783,35882,34971,37672,42986,47779,49674,52904,56294,56264,55836,53998,53373,53659,52745,50576,48176,46292,47913,48923,45750,47460,48719,49543,50146,50627,51139,51691,52313,53030,53851,54778,55801,56903,58067,59279,60529,61811,63122,64462,65831,67229,68655,70113,71601,73122,74674,76260,77879,79532,81221
ben,Benin,203,203,203,203,203,203,203,203,203,203,203,203,203,203,203,203,203,203,203,203,203,204,205,207,207,208,210,210,211,213,214,214,216,217,218,219,220,221,222,223,224,225,226,227,228,230,231,232,233,234,235,236,237,239,240,241,242,243,245,245,247,248,249,250,252,253,254,255,256,258,259,260,262,263,264,265,267,268,269,271,272,273,274,276,277,279,280,281,283,284,285,287,288,289,291,292,294,295,297,298,299,301,302,304,305,307,308,310,311,313,314,316,317,319,321,323,325,328,330,332,335,341,347,353,359,366,372,378,385,392,398,405,412,419,426,433,440,447,455,462,470,479,489,498,508,518,527,538,548,559,569,559,547,522,526,516,505,495,502,510,513,519,491,502,525,540,547,539,547,550,548,546,584,594,619,561,554,563,546,573,609,625,672,625,655,684,678,648,648,619,669,671,630,639,544,574,549,595,584,638,720,778,772,836,956,1038,1071,1140,1248,1309,1284,1268,1269,1367,1401,1310,1233,1188,1250,1274,1280,1307,1348,1397,1447,1499,1552,1604,1656,1706,1755,1800,1844,1887,1928,1970,2012,2055,2099,2144,2189,2235,2283,2332,2381,2432,2483,2536,2590,2645,2701
bfa,Burkina Faso,303,303,303,303,303,303,303,303,303,303,303,303,303,304,304,304,304,304,304,304,304,304,304,305,305,305,305,306,306,307,307,307,308,308,309,309,309,309,310,310,310,311,311,312,312,312,312,313,313,314,314,314,315,315,316,316,316,316,317,317,317,318,318,319,319,319,320,320,321,321,321,321,322,322,322,323,323,324,324,325,325,325,326,326,326,326,327,327,327,328,328,329,330,330,330,330,331,331,331,332,332,332,332,333,334,334,335,335,335,336,336,336,336,337,338,338,338,338,339,340,340,340,339,339,339,338,338,338,338,337,337,336,336,336,336,336,335,335,335,335,334,332,330,328,326,324,322,320,318,316,316,327,338,348,360,371,384,397,410,423,421,364,380,371,375,367,364,392,405,408,410,402,484,452,469,472,459,483,529,522,520,531,531,513,509,561,592,576,594,601,596,636,630,605,462,398,392,392,395,420,405,411,393,446,511,583,610,632,691,733,773,791,827,863,839,777,756,730,781,785,770,780,797,818,839,861,883,906,929,952,975,997,1019,1042,1064,1087,1110,1134,1158,1182,1208,1233,1259,1286,1313,1341,1370,1399,1429,1459,1490
bgd,Bangladesh,357,357,357,357,357,357,357,357,357,357,357,357,357,357,357,357,357,357,357,357,357,357,357,357,357,357,357,357,357,357,357,357,357,357,357,357,357,358,358,358,358,358,358,358,358,358,358,358,358,358,358,358,358,359,359,359,359,359,359,359,359,359,359,359,359,359,359,360,360,360,360,360,361,362,363,364,365,366,366,368,369,369,370,371,372,383,370,387,389,378,395,358,387,395,401,391,361,426,426,393,406,412,443,447,446,436,446,416,419,475,473,469,467,456,481,469,483,473,412,469,431,459,471,449,464,462,469,461,459,470,466,454,450,441,437,424,431,416,408,409,414,417,411,423,414,403,378,376,376,380,361,362,367,366,366,340,369,355,341,352,365,381,376,410,411,428,430,415,449,450,465,437,381,377,419,409,422,416,438,449,444,449,448,464,481,489,503,516,522,546,578,565,562,538,528,542,580,627,663,653,660,646,641,641,668,696,710,756,800,877,951,1036,1099,1166,1225,1355,1522,1657,1822,1967,2030,2183,2323,2469,2626,2793,2967,3144,3317,3480,3628,3758,3874,3977,4073,4165,4255,4346,4439,4534,4629,4728,4828,4931,5036,5142,5251,5363,5477,5593,5712
bgr,Bulgaria,502,503,503,503,503,503,503,503,503,503,503,503,503,503,504,504,504,504,504,504,504,506,509,512,514,517,519,522,524,527,529,532,535,537,540,543,545,548,551,554,556,559,562,564,567,570,573,576,578,581,584,587,590,593,596,599,602,605,607,611,614,616,619,621,623,625,627,629,632,634,636,645,653,662,671,680,690,699,709,718,728,738,748,759,769,779,790,801,811,823,834,845,857,840,824,808,792,777,761,747,758,770,781,793,806,818,826,834,843,852,861,861,849,837,825,813,801,790,779,768,757,757,763,770,777,926,939,895,918,929,965,973,923,986,891,946,1049,1145,1135,1269,1274,1133,1092,1114,991,812,883,961,1045,1140,1250,1505,1433,1578,1533,1626,1611,1764,1899,2032,2205,2340,2524,2634,2835,3002,3235,3408,3466,3627,3830,3956,4147,4312,4443,4812,4963,4919,5049,5266,5125,5273,5459,5373,5569,5420,5583,5614,5602,5154,4066,2861,2436,2102,2045,2422,2493,2287,2274,2302,2490,2600,2871,3303,4009,4812,5353,5972,7353,8024,8337,8449,8488,8506,8497,8252,8222,8295,8883,9681,9630,10114,10623,11104,11528,11951,12359,12772,13181,13577,13955,14317,14664,15001,15333,15665,16000,16341,16688,17042,17404,17774,18151,18536,18930,19331,19742,20161,20589,21026,21472
bhr,Bahrain,503,505,508,510,512,514,516,518,521,523,525,528,529,532,534,536,539,541,543,546,548,551,553,555,558,560,563,565,567,570,572,575,577,580,583,585,587,590,592,595,598,600,603,605,608,611,613,616,618,621,624,631,638,645,653,660,667,676,683,691,698,707,715,723,731,739,748,756,765,774,783,791,800,810,819,828,838,847,857,867,877,887,897,907,917,928,938,949,960,971,982,993,1005,1016,1027,1039,1051,1063,1075,1087,1100,1100,1101,1102,1102,1103,1104,1104,1105,1106,1107,1107,1108,1109,1109,1110,1111,1111,1112,1113,1113,1119,1126,1132,1138,1144,1150,1157,1163,1169,1175,1182,1188,1194,1200,1335,1484,1650,1834,2040,2268,2521,2803,3116,3465,3851,4281,4759,5290,5881,6537,6816,7103,7396,7696,7989,8280,8555,8802,9022,9211,9420,9661,9956,10306,10734,11199,11704,12214,12754,13363,14041,14791,15409,16097,13795,15161,15612,15499,14813,15387,14724,14744,14920,14804,14134,13953,13848,14049,13950,16391,17305,16851,16863,15962,16536,16915,16151,15905,15352,16407,16891,17573,18035,19089,20958,22272,24358,25270,22619,22560,21134,24942,26661,26560,25077,23966,23162,22910,22653,19900,20153,20380,20594,20807,21026,21249,21488,21756,22061,22408,22798,23226,23686,24172,24677,25197,25731,26277,26835,27404,27986,28580,29187,29807,30440,31086,31746,32420,33108,33811
bhs,Bahamas,917,917,917,917,917,917,917,918,918,918,918,918,918,918,918,918,919,919,919,919,919,925,931,938,944,951,957,963,971,977,983,990,996,1003,1010,1016,1024,1031,1037,1044,1052,1059,1066,1073,1081,1087,1095,1102,1110,1117,1125,1133,1140,1148,1155,1164,1171,1180,1187,1195,1203,1211,1220,1228,1236,1244,1253,1261,1270,1279,1288,1296,1305,1313,1322,1331,1340,1349,1358,1367,1377,1386,1395,1404,1414,1424,1434,1444,1453,1463,1472,1483,1493,1503,1513,1524,1533,1543,1554,1564,1575,1586,1597,1607,1618,1629,1640,1651,1663,1673,1685,1697,1708,1719,1782,1846,1913,1982,2053,2128,2204,2285,2370,2458,2550,2644,2741,2843,2948,3057,3170,3288,3408,3535,3665,3801,3942,4087,4238,4395,4557,4759,4970,5191,5420,5660,5909,6169,6441,6724,7019,7327,7648,7982,8331,8694,9074,9469,9881,10310,10758,11415,12078,12790,13562,14404,15147,16044,16862,17882,16487,16412,15571,16504,13546,11372,11777,12650,14206,17622,18454,16471,17277,17601,19776,20425,20512,20862,21091,22655,21451,20007,19679,19016,19128,22718,24973,23781,26550,37565,39533,39010,39619,38703,38348,38712,38295,38520,37505,34847,33739,32620,32353,30808,31018,31840,32244,32798,32438,32874,26070,26297,28218,29024,29707,29906,30019,30163,30368,30652,31027,31490,32031,32637,33290,33978,34692,35425,36177,36945,37730,38530,39348,40184,41037,41908,42798,43706,44634,45582,46550
bih,Bosnia and Herzegovina,225,225,225,225,225,225,225,225,225,225,225,225,225,225,225,225,225,225,225,225,226,227,228,229,230,231,233,234,235,236,237,239,240,241,242,243,245,246,247,249,250,251,252,254,255,256,257,259,260,262,263,263,263,263,263,263,264,264,264,264,265,265,265,265,265,265,265,265,265,266,266,270,273,277,281,285,289,293,296,301,305,309,313,317,322,326,331,336,340,345,350,351,352,353,354,355,356,357,358,359,361,365,370,374,379,383,388,392,397,402,407,405,404,402,399,396,393,390,388,385,382,382,384,402,430,449,478,468,507,531,518,500,451,462,476,466,524,529,568,595,594,592,591,589,587,585,584,581,688,750,696,717,655,650,639,784,669,766,791,923,994,1012,993,1099,1201,1214,1273,1222,1240,1306,1318,1365,1389,1402,1462,1469,1443,1513,1565,1631,1646,1648,1626,1569,1544,1510,1510,1429,1344,1312,1117,941,680,485,499,620,1191,1582,2101,2178,2310,2379,2550,2829,3537,3875,4245,4857,5730,5970,5899,5830,5655,5906,5848,5786,5700,5581,5988,6298,6080,6324,6555,6773,7011,7250,7493,7739,7982,8218,8445,8662,8870,9073,9274,9474,9677,9883,10093,10307,10526,10749,10977,11210,11449,11692,11940,12193,12452,12717,12987
blr,Belarus,915,915,915,917,917,917,918,918,918,919,919,919,921,921,921,922,922,922,923,923,923,930,935,941,946,953,957,964,969,973,980,985,992,997,1003,1008,1015,1020,1026,1032,1038,1045,1050,1057,1062,1069,1075,1082,1088,1094,1100,1108,1113,1120,1127,1133,1139,1147,1152,1160,1166,1174,1180,1187,1194,1201,1209,1214,1222,1229,1237,1242,1250,1259,1265,1273,1280,1288,1296,1303,1311,1318,1326,1334,1341,1349,1296,1516,1456,1353,1347,1234,1350,1529,1736,1607,1769,1738,1783,1891,1849,1895,2058,1915,2117,1874,1789,1719,1875,1946,2077,1917,2070,2172,2076,2133,1897,1665,1019,878,880,805,934,1075,1364,1704,1911,1991,2093,2116,2210,2230,2195,2277,2485,2840,3033,3282,3272,3403,3260,3198,3136,3076,3053,3029,3004,3376,3855,4255,4657,4646,4913,5092,5302,5711,6209,6286,6704,6574,7137,7387,7437,7131,7974,8349,8683,8994,9449,9512,10166,10349,10320,11091,11154,11216,11277,11335,11391,11446,11500,11767,12041,12393,12545,12410,12480,12366,12068,12618,11973,11823,10666,9718,8591,3489,2383,2381,2464,2193,2070,1909,2011,2272,2843,3571,4370,5340,6626,6799,7314,7378,7513,7878,8408,7496,6266,5799,5967,6491,6360,6367,6451,6563,6740,6865,7000,7137,7278,7425,7576,7732,7893,8058,8229,8403,8581,8763,8949,9139,9333,9532,9734,9941,10152,10367,10587,10812,11041,11276,11515
blz,Belize,546,546,546,546,546,546,546,546,546,546,547,547,547,547,547,547,547,547,547,547,547,551,555,559,562,566,570,574,578,582,586,590,593,598,602,606,609,615,618,623,626,631,635,640,643,648,653,657,662,666,670,674,680,685,689,694,698,703,708,712,718,722,727,731,737,742,746,752,757,761,767,772,777,783,788,793,799,804,810,815,821,826,831,837,842,848,854,860,866,872,878,883,890,896,902,908,913,920,926,933,939,945,951,958,965,971,978,984,991,998,1005,1010,1018,1025,1040,1056,1072,1088,1104,1121,1137,1154,1171,1189,1206,1224,1242,1260,1279,1297,1317,1335,1355,1375,1395,1416,1437,1457,1479,1501,1522,1552,1583,1613,1644,1676,1708,1739,1772,1805,1839,1858,1878,1898,1919,1938,1958,1979,1999,2018,2039,2069,2097,2126,2163,2205,2252,2308,2426,2505,2583,2699,2772,2709,2915,2891,2832,2910,3095,3161,3234,3201,3109,2957,2931,2879,2928,3168,3368,3788,4084,4273,4566,4691,4584,4556,4515,4527,4391,4480,4724,4597,4663,4766,4664,4584,4656,4547,4700,4865,4614,4713,4646,4684,4701,4887,4822,4818,4811,4779,4110,4095,4271,4363,4363,4363,4363,4368,4384,4414,4459,4520,4594,4678,4771,4869,4971,5076,5184,5293,5405,5520,5638,5757,5880,6004,6132,6262,6395,6531,6669
bol,Bolivia,278,278,278,278,278,278,278,278,278,278,278,278,278,278,278,278,278,280,281,282,283,288,292,296,300,304,308,313,317,322,326,331,335,340,344,349,354,358,362,367,371,374,379,383,388,392,396,397,398,400,401,402,403,405,406,407,409,410,411,413,414,415,417,418,419,420,422,423,424,426,427,428,430,431,433,434,435,437,438,440,441,442,444,445,447,448,449,451,452,453,455,458,465,465,483,483,452,463,473,475,489,506,489,488,488,505,522,524,540,552,573,583,597,623,592,601,615,654,657,654,646,618,669,672,694,717,721,765,788,811,763,682,628,653,702,726,746,796,813,832,892,944,956,977,966,992,967,935,999,1031,1007,1073,1082,959,959,988,909,860,861,840,856,858,890,930,957,985,1036,1079,1149,1177,1214,1234,1271,1332,1372,1434,1515,1547,1568,1538,1498,1490,1406,1326,1323,1297,1238,1253,1279,1311,1301,1307,1312,1328,1336,1354,1411,1488,1564,1524,1470,1395,1341,1268,1245,1292,1382,1512,1793,1946,2117,2328,2550,2903,3123,3287,3378,3368,3509,3587,3180,3306,3394,3472,3548,3618,3687,3757,3830,3905,3983,4064,4148,4235,4324,4416,4509,4605,4703,4803,4904,5009,5115,5223,5334,5448,5563,5682,5802,5925,6051
bra,Brazil,379,379,379,379,379,379,379,379,379,379,379,379,379,379,379,379,379,379,379,379,379,379,379,379,379,379,379,379,379,379,379,379,379,379,379,379,379,379,379,379,379,379,379,379,379,379,379,379,379,379,379,405,394,370,358,361,374,400,426,423,434,430,410,419,425,456,473,512,512,512,475,475,491,477,484,491,473,460,482,486,463,467,478,465,497,462,477,445,428,434,475,504,437,372,372,441,400,394,404,396,382,411,403,403,402,405,435,425,414,437,433,471,456,458,440,450,454,475,456,505,543,543,569,589,578,568,569,598,653,641,591,566,574,607,644,649,696,705,719,712,705,737,693,772,781,784,846,856,918,965,979,997,1040,1058,1108,1171,1169,1222,1315,1401,1487,1578,1642,1612,1627,1627,1695,1725,1851,1982,2141,2333,2558,2856,3026,3120,3373,3471,3574,3742,4010,3766,3725,3554,3688,3917,4147,4227,4161,4535,4247,4220,3987,3884,4403,5464,6819,7864,7644,6409,5894,4920,4517,4167,4389,5065,6038,7669,9231,9994,11476,12894,13950,14334,13374,11317,9911,9483,9549,9446,7850,8085,8242,8370,8491,8617,8745,8878,9020,9172,9337,9514,9701,9899,10105,10317,10536,10759,10987,11220,11459,11702,11950,12204,12463,12728,12998,13274,13555,13843,14138
brb,Barbados,966,967,967,967,967,967,967,967,968,968,968,968,968,968,968,969,969,969,969,969,969,975,983,988,995,1003,1009,1015,1022,1029,1037,1044,1050,1057,1065,1073,1078,1086,1093,1101,1109,1116,1124,1131,1139,1146,1155,1162,1170,1178,1185,1194,1202,1210,1218,1227,1235,1243,1251,1260,1268,1278,1286,1294,1302,1312,1320,1329,1338,1347,1356,1367,1374,1385,1394,1404,1413,1423,1432,1441,1451,1461,1471,1480,1491,1500,1511,1522,1531,1542,1552,1563,1574,1584,1595,1605,1616,1628,1638,1650,1660,1672,1684,1694,1705,1718,1729,1740,1753,1764,1776,1789,1800,1812,1840,1867,1895,1924,1953,1982,2013,2056,2101,2145,2192,2238,2287,2334,2383,2434,2485,2537,2589,2642,2696,2751,2807,2864,2922,2979,3039,3100,3162,3223,3287,3351,3416,3483,3550,3619,3688,3821,3976,4137,4294,4496,4775,5054,5281,5497,5783,6169,6416,6521,6854,6960,7380,8028,9012,9865,10855,11168,11199,11247,10637,10344,10739,11049,11519,12352,12825,12534,11842,11810,12147,12198,12741,12998,13382,14314,13734,13367,12710,12929,13208,13287,13639,14177,14878,15275,16167,15613,15518,15749,16102,16766,17703,19241,19601,18895,18481,17515,17814,17550,17247,17480,17688,17516,17391,17711,14350,14900,16007,16732,17141,17412,17688,17974,18275,18596,18938,19303,19690,20094,20512,20944,21388,21841,22304,22778,23262,23756,24260,24775,25301,25838,26387,26946,27519,28103,28700
brn,Brunei,512,512,512,513,513,513,513,513,513,513,513,513,514,514,514,514,514,514,514,514,514,516,517,519,521,523,525,526,528,530,532,534,535,537,539,541,543,544,546,548,550,552,554,555,557,560,561,563,565,567,569,571,573,575,577,578,580,583,585,587,589,591,592,594,597,598,601,603,605,607,609,611,613,615,617,619,621,624,626,628,630,632,634,637,638,641,643,645,647,649,652,654,656,658,661,663,665,667,669,672,674,677,678,681,683,686,688,690,693,695,697,700,702,704,707,709,712,714,717,719,721,725,728,732,735,739,743,746,750,753,879,1025,1196,1396,1628,1900,2216,2585,3016,3519,4106,4783,5573,6492,7563,8808,10259,11947,13911,16198,18858,19140,19425,19713,20002,20295,20590,20886,21186,21487,21791,22053,22317,22582,22847,23113,23379,23646,23914,24182,24451,25631,26921,28158,30025,28859,33265,35451,36439,43052,38674,29999,30215,29452,28749,27478,23601,22969,22204,22017,22517,23980,25830,25270,24883,24980,25412,25410,22775,21839,22016,23603,24975,24808,26190,29240,34336,38322,41370,38991,39602,41337,48013,50790,47548,43146,36855,32482,30605,32843,31510,31955,32693,33376,34014,34642,35264,35904,36570,37265,37993,38755,39548,40370,41218,42089,42980,43892,44824,45775,46747,47740,48754,49789,50846,51925,53028,54153,55303,56477,57676
btn,Bhutan,272,272,272,272,272,272,272,272,272,272,272,272,273,273,273,273,273,273,273,273,273,274,274,275,275,276,276,277,277,278,279,279,279,280,281,281,282,283,283,283,284,285,285,286,286,287,287,288,289,289,290,290,291,292,292,293,293,294,294,295,296,296,297,297,298,298,299,300,300,301,301,302,303,303,304,304,305,305,307,307,307,308,308,309,310,310,311,312,312,313,313,314,315,315,316,317,317,318,319,319,320,320,321,322,322,323,324,324,325,325,326,327,327,328,329,329,330,331,331,332,333,334,335,336,337,338,339,341,341,343,344,345,346,348,348,349,351,352,353,354,355,356,358,359,360,361,362,363,365,366,367,371,375,380,384,389,393,397,402,407,411,418,426,433,442,449,457,465,473,482,490,488,478,470,479,449,473,495,514,522,532,577,576,607,628,646,716,910,937,1002,1012,848,767,706,742,733,800,862,837,871,1050,1102,1180,1268,1349,1520,1656,2032,2144,2234,2426,2607,2708,2701,2715,2799,2944,3052,3093,3210,2840,2759,2887,3020,3219,3373,3534,3697,3857,4008,4148,4276,4393,4502,4606,4708,4809,4912,5016,5123,5232,5343,5456,5572,5690,5811,5934,6060,6189,6320,6454
bwa,Botswana,233,233,233,233,233,234,234,234,234,234,234,234,234,234,234,234,234,234,234,234,234,235,236,238,239,240,241,242,243,244,245,247,248,249,250,252,253,254,255,257,258,259,260,262,263,264,265,267,268,269,270,272,273,274,275,277,278,280,282,283,284,285,287,288,290,291,292,294,295,297,298,300,301,303,304,305,307,308,309,312,313,314,315,317,319,320,322,323,325,327,328,329,332,333,334,336,338,339,342,343,344,346,348,349,352,353,354,356,358,359,362,363,365,367,369,372,375,378,380,384,387,389,393,396,399,402,405,409,412,415,419,420,420,421,422,422,424,424,425,426,426,424,422,419,417,415,412,410,407,405,402,407,409,413,417,420,423,426,427,431,432,459,488,501,522,491,520,613,691,679,751,920,1128,1326,1396,1462,1561,1664,1790,1973,2138,2310,2425,2629,2890,3051,3159,3296,3566,4225,4915,5421,5571,5599,4881,5194,4985,5217,5070,4900,4754,4788,4269,4697,5136,6243,6773,7099,6953,6402,6672,7692,8216,8484,8497,7530,7722,7684,7821,7653,6640,6992,7219,7372,7502,7635,7771,7910,8056,8207,8367,8534,8708,8889,9076,9268,9464,9665,9870,10080,10293,10512,10735,10963,11196,11434,11676,11924,12177,12436,12700
caf,Central African Republic,332,332,332,332,332,332,332,333,333,333,333,333,333,333,333,333,333,333,333,333,333,334,336,339,340,341,343,345,346,348,350,352,353,355,357,358,360,362,364,365,367,369,371,372,374,376,378,380,381,383,386,387,389,391,393,395,397,399,400,402,404,406,408,410,412,414,416,418,420,423,424,426,429,430,433,435,437,439,441,443,445,447,450,452,454,456,458,461,463,465,467,470,472,474,477,479,481,484,486,489,491,493,496,498,500,503,505,507,510,512,515,517,519,522,531,540,551,560,571,580,591,600,610,620,630,639,650,661,671,682,693,704,715,726,738,750,762,774,786,798,811,833,855,878,901,925,950,975,1000,1027,1054,1080,1104,1129,1154,1179,1203,1227,1252,1274,1263,1288,1231,1206,1202,1186,1155,1176,1164,1197,1225,1159,1112,1142,1085,1078,1097,1156,1141,1084,1009,998,989,906,940,942,954,887,883,892,867,848,801,757,610,558,470,470,442,436,390,382,364,362,393,431,436,471,509,577,607,617,646,426,430,444,456,480,510,530,500,508,523,538,554,569,584,599,614,629,644,659,674,689,704,718,734,749,765,781,798,815,832,850,868,886,905,925,944,964,985
can,Canada,1350,1359,1368,1376,1385,1394,1403,1411,1420,1430,1439,1447,1456,1464,1473,1481,1489,1498,1507,1515,1524,1540,1556,1571,1588,1603,1620,1637,1653,1670,1686,1712,1738,1764,1791,1818,1845,1873,1901,1930,1959,1986,2013,2040,2068,2096,2125,2153,2183,2213,2243,2263,2282,2303,2323,2343,2363,2384,2405,2426,2447,2486,2524,2564,2604,2645,2686,2728,2772,2815,2859,2959,2876,3107,3127,3009,2768,2912,2761,2976,3063,3440,3557,3524,3762,3496,3500,3575,3793,3776,4010,4063,3998,3936,4081,3998,3859,4236,4356,4715,4910,5223,5618,5622,5531,6008,6485,6536,6024,6494,6857,7104,7382,7499,6788,7138,7836,8097,7490,6778,6511,5661,6397,6706,6707,7320,7584,8174,8723,8542,8114,6752,6192,5684,6224,6664,6955,7544,7666,8041,9054,10204,11860,12249,12552,12030,11689,11953,11915,11914,12296,12704,13211,13465,12984,13831,14592,14515,14393,14632,14762,14898,15647,16135,16866,17667,18465,18688,19365,20097,20330,21196,22057,23350,23971,24158,25148,25691,26464,27292,27303,27803,26634,27137,28421,29682,30156,30977,32068,32264,31866,30816,30728,31200,32248,32775,32960,31379,31990,32991,33924,33825,34402,36041,39174,44081,47943,53388,55301,51928,52910,54918,57884,59172,57601,52852,48765,46761,46809,47344,43530,45376,46983,47520,47677,47862,48116,48417,48808,49316,49959,50732,51623,52608,53667,54779,55931,57114,58326,59564,60828,62120,63439,64785,66161,67566,69000,70464,71961,73488,75049
che,Switzerland,3833,3836,3837,3840,3842,3843,3846,3847,3850,3851,3853,3856,3857,3860,3861,3863,3865,3867,3870,3871,3872,3875,3877,3879,3881,3882,3885,3886,3889,3891,3892,3895,3896,3899,3900,3903,3905,3906,3909,3910,3913,3914,3916,3919,3920,3923,3924,3927,3928,3930,3933,3934,3937,3830,3644,3819,3895,4484,4606,4659,4722,4746,4543,4634,4519,4494,4530,4420,4915,4895,4756,4932,5055,5346,5348,5793,6200,5843,5611,5648,6228,6348,6436,6751,7311,7683,8107,8326,8240,8270,8547,7946,8484,8596,8592,9066,9605,10047,10347,10201,10643,10481,11024,10967,11851,12580,13494,13493,13782,14649,15229,15449,16198,16157,15231,15169,16658,16388,15074,14483,16016,13217,16026,17333,18751,19422,20294,21972,23191,24099,24500,24997,24518,25447,25699,24634,24437,26659,25786,26675,26861,25519,24442,24416,25367,25471,31618,32380,33191,32771,34887,37277,37069,37886,39592,41834,44031,45060,43476,45695,47950,50283,51113,52318,53994,55029,55723,56625,57829,60124,63211,65043,66409,67785,68248,62940,61882,63340,63607,65153,67978,68725,67347,67196,68580,70450,71123,71613,73279,75677,77561,75897,75030,74258,74603,74462,77961,77295,72969,68876,67008,61849,59392,65198,72321,79880,81657,79889,79057,87051,94963,95754,99460,102767,98649,97686,93797,89249,86724,85863,82620,84488,85824,86012,86523,86523,87035,87631,88382,89342,90533,91956,93583,95378,97301,99319,101408,103555,105750,107995,110289,112630,115021,117463,119956,122503,125104,127760,130472,133242,136071
chl,Chile,378,378,378,378,378,378,378,378,378,378,378,361,355,358,360,362,350,346,364,349,365,357,368,353,348,378,392,401,404,413,410,412,424,426,436,445,439,456,458,454,479,479,483,493,495,506,519,525,544,575,599,617,622,605,615,632,632,648,671,691,704,698,688,708,739,758,776,738,760,820,828,814,847,897,866,909,881,846,866,984,1072,1103,1194,1189,1198,1129,1163,1234,1160,1200,1289,1347,1332,1367,1320,1464,1498,1423,1600,1537,1501,1514,1597,1499,1617,1538,1626,1689,1782,1792,1988,1986,2130,2144,1804,1690,2039,2048,2040,1708,1883,1652,1691,2001,2118,2173,2084,2014,2486,2517,2161,1730,1308,1604,1892,1999,2032,2253,2247,2263,2295,2256,2288,2309,2309,2461,2623,2299,2633,2531,2606,2660,2771,2917,2765,2811,2786,2996,3084,2841,3006,3053,3101,3200,3176,3111,3367,3387,3419,3457,3441,3663,3538,3267,3226,2748,2788,3002,3184,3381,3578,3716,3141,2987,3095,3088,3185,3316,3476,4006,4247,4591,5316,5784,6151,7042,7948,8757,8671,7964,7589,7050,6615,6286,6800,7864,9138,10767,12175,11952,12785,14361,16261,16990,16486,15692,14855,14464,15152,15275,13470,14113,14502,14751,14982,15211,15457,15712,15980,16265,16568,16890,17228,17582,17950,18328,18716,19113,19519,19933,20356,20788,21229,21680,22141,22610,23091,23581,24081,24593,25115
chn,China,398,397,396,395,394,393,392,390,389,388,387,386,386,385,384,383,382,381,381,380,379,377,376,374,373,371,369,368,366,365,363,363,364,364,364,364,364,364,365,365,365,365,366,366,366,367,367,368,368,368,369,371,372,374,376,378,380,381,383,385,387,389,391,393,395,396,398,400,402,404,406,405,404,403,403,402,401,400,399,399,397,397,396,395,395,393,393,392,399,406,414,415,415,415,415,416,416,417,417,417,418,415,412,409,407,404,402,399,396,394,392,389,406,423,424,424,425,425,426,426,427,427,428,428,429,429,430,430,430,431,435,436,446,397,403,433,458,444,431,423,415,407,399,392,385,377,370,363,356,350,343,408,450,497,451,481,511,513,504,480,454,368,383,418,457,486,479,459,427,448,483,488,471,485,474,485,449,455,486,503,506,498,522,528,559,577,582,597,594,583,596,618,664,706,775,860,1019,1175,1264,1338,1410,1483,1617,1784,1978,2229,2565,3110,3755,4420,5161,5865,6697,7553,8243,8762,9122,9450,9934,10506,10550,11410,12018,12648,13294,13958,14625,15301,15962,16589,17168,17697,18181,18632,19062,19483,19903,20328,20760,21201,21651,22111,22580,23060,23549,24050,24560,25082,25614,26157,26713
civ,Cote d'Ivoire,391,391,391,391,391,391,391,391,391,391,391,391,391,391,391,391,391,391,391,391,391,391,391,391,391,391,391,391,391,391,391,391,391,391,391,391,391,391,391,391,391,391,391,391,391,391,391,391,391,391,391,391,391,391,391,391,391,391,391,391,391,391,391,391,391,391,391,391,391,391,391,391,391,391,391,391,391,391,391,391,391,391,391,391,391,391,391,391,391,392,392,392,392,392,392,392,392,392,392,392,393,393,393,393,393,393,394,394,394,394,394,394,394,394,394,394,394,395,395,395,395,395,395,395,395,395,395,395,396,396,396,396,396,396,421,447,475,505,537,570,606,644,685,727,773,821,873,927,985,1047,1113,1131,1149,1167,1187,1205,1223,1242,1260,1273,1343,1417,1427,1595,1805,1690,1740,1683,1850,1836,1933,1928,1936,1995,1966,1886,2023,2034,2147,2105,2181,2174,2100,1946,1813,1834,1823,1729,1639,1512,1410,1342,1329,1261,1121,1115,847,1050,1200,1135,975,881,831,878,1009,1178,1170,1202,1320,1429,1463,1292,1405,1513,1975,2032,2033,2213,2270,2334,2280,2355,2444,2535,2626,2715,2805,2897,2986,3074,3158,3239,3316,3392,3467,3542,3617,3694,3773,3853,3935,4019,4104,4191,4280,4370,4463,4558,4655,4754,4855
cmr,Cameroon,396,396,396,396,396,397,397,397,397,397,397,397,397,397,397,397,397,397,397,397,397,399,401,403,405,407,408,411,413,415,417,419,420,423,425,427,429,431,433,435,438,440,441,444,446,448,450,452,455,457,459,461,464,466,468,471,472,475,477,479,482,485,489,492,496,500,503,507,511,514,518,522,525,529,533,537,541,544,548,552,556,560,564,568,572,576,580,585,589,593,597,601,606,610,614,618,623,627,632,636,641,645,650,654,659,663,668,673,677,682,687,692,697,702,710,718,726,734,742,751,759,770,780,790,801,811,823,833,844,855,867,879,890,901,914,925,937,950,962,975,988,1003,1019,1035,1051,1067,1083,1099,1117,1134,1151,1181,1211,1242,1273,1306,1337,1370,1404,1436,1455,1456,1477,1503,1534,1581,1631,1427,1501,1526,1577,1584,1592,1628,1643,1663,1531,1695,2013,2076,2259,2356,2460,2590,2717,2700,2483,2275,2125,1967,1753,1589,1585,1597,1402,1322,1160,1191,1169,1135,1050,984,976,1101,1297,1393,1444,1487,1587,1694,1665,1653,1609,1659,1699,1666,1600,1515,1552,1569,1520,1533,1560,1595,1640,1688,1738,1789,1840,1889,1937,1985,2031,2076,2121,2167,2214,2261,2309,2357,2408,2459,2511,2564,2619,2674,2731,2789,2848,2909,2970
cod,"Congo, Dem. Rep.",134,135,135,136,136,137,138,138,139,139,140,140,141,141,142,143,143,144,145,145,146,146,147,148,148,149,149,150,150,151,152,152,153,154,154,155,155,156,157,157,158,159,159,160,161,162,162,163,164,164,165,166,166,167,168,168,169,170,171,171,172,173,173,174,174,175,176,177,178,178,179,180,180,181,182,183,183,184,185,186,187,187,188,189,190,190,191,192,193,194,195,195,196,197,198,198,199,200,201,202,202,203,204,205,206,207,208,209,209,210,211,212,213,214,218,222,227,231,236,240,245,250,256,262,268,274,281,287,293,300,307,314,321,329,336,344,351,359,367,376,384,393,402,411,421,430,440,450,460,470,481,541,569,615,629,657,679,672,644,644,688,603,670,668,657,630,653,627,648,681,662,684,668,704,708,656,605,593,546,534,533,532,518,513,529,519,530,531,519,498,450,397,342,285,264,239,204,188,190,171,195,206,277,237,249,253,286,322,351,360,381,396,431,459,486,511,522,501,521,540,550,553,561,571,581,591,597,602,609,616,625,635,647,660,673,687,702,717,732,747,763,779,796,813,830,848,865,884,903,922,942
cog,"Congo, Rep.",206,207,207,208,209,209,210,210,211,212,212,213,214,214,215,215,216,216,217,218,218,219,220,220,221,222,222,223,223,224,225,225,226,226,227,228,228,229,230,231,231,231,232,233,234,234,235,235,236,237,238,238,239,240,240,241,241,242,243,244,244,245,246,247,247,248,249,249,250,251,252,252,253,254,255,255,256,257,258,258,259,259,260,261,262,262,263,264,265,265,266,267,268,268,269,270,271,271,272,273,274,275,275,276,277,277,279,279,280,281,282,283,283,284,290,297,303,310,317,324,331,338,345,351,358,365,372,380,387,394,402,410,418,425,434,442,451,459,468,477,486,499,512,525,538,552,566,580,595,610,625,637,649,661,673,685,696,707,719,730,738,750,762,773,785,797,824,851,879,907,936,1000,1019,1171,1136,1101,1127,1020,1057,1150,1266,1500,1812,1870,1960,1893,1722,1686,1675,1712,1681,1695,1806,1530,1253,765,737,924,916,762,855,925,976,976,1009,1418,1992,2106,2592,2979,3270,3154,3966,4191,4403,3432,2455,1853,1864,1844,1770,1730,1705,1747,1738,1743,1719,1698,1684,1679,1684,1698,1720,1749,1782,1817,1855,1894,1934,1975,2018,2060,2104,2149,2194,2241,2289,2337,2387,2437,2489
col,Colombia,313,312,310,309,307,305,304,302,301,299,298,296,295,293,291,290,289,287,286,284,283,282,281,281,280,279,278,277,277,276,275,274,274,273,272,272,271,270,269,269,268,267,266,266,265,264,263,263,262,261,261,265,269,273,277,281,286,290,295,299,304,309,314,319,324,330,335,341,347,353,359,360,362,363,366,368,370,371,373,375,377,379,381,382,385,386,388,386,385,382,381,379,377,375,373,371,369,368,365,363,362,360,359,356,355,353,356,372,386,398,413,425,438,448,456,468,483,493,510,542,568,588,616,642,665,665,711,755,790,798,782,768,801,836,809,889,925,928,977,1010,1005,995,971,950,988,1007,1069,1083,1087,1117,1141,1140,1174,1207,1250,1258,1267,1272,1263,1311,1324,1344,1370,1369,1407,1412,1441,1456,1500,1551,1609,1657,1737,1808,1866,1864,1907,1945,2068,2133,2170,2164,2133,2115,2138,2155,2234,2300,2341,2276,2403,2437,2658,2925,3380,3744,3982,4167,4059,3624,3509,3422,3453,3303,3433,3799,4357,5117,5706,6162,6684,7343,8261,8909,9048,8141,7178,6464,6519,6695,5790,6028,6190,6377,6563,6755,6939,7125,7312,7497,7679,7859,8036,8213,8391,8571,8753,8939,9129,9323,9521,9723,9930,10140,10355,10575,10800,11029,11263,11502,11747
com,Comoros,434,434,434,435,436,436,436,437,437,437,438,439,439,439,440,440,440,441,442,442,442,443,444,444,444,445,445,445,446,447,447,447,448,449,449,449,450,450,450,451,452,452,452,453,454,454,454,455,455,456,456,457,457,458,458,459,459,460,460,460,461,461,461,463,463,464,464,464,465,465,465,466,466,468,468,468,469,469,469,470,470,471,471,471,472,473,474,474,474,475,475,475,476,476,477,478,478,479,479,480,480,480,481,481,482,482,483,484,484,485,485,485,486,486,486,487,488,489,489,489,490,489,488,486,484,483,482,481,479,478,476,475,474,472,471,470,468,467,465,464,463,461,460,459,457,455,454,452,451,450,448,464,470,478,495,500,508,516,519,537,569,576,629,762,820,821,905,939,935,944,1009,1042,1055,1119,1140,1200,1188,1157,1176,1265,1340,1389,1480,1548,1609,1637,1666,1689,1729,1694,1771,1678,1874,1816,1435,1354,1223,1238,1153,1089,1095,1028,991,1101,1245,1380,1407,1450,1563,1646,1641,1641,1609,1670,1644,1533,1467,1395,1427,1406,1400,1364,1362,1362,1364,1364,1363,1365,1370,1379,1393,1412,1435,1461,1490,1521,1553,1586,1619,1654,1689,1724,1761,1799,1837,1876,1916,1956,1998,2040,2083
cpv,Cape Verde,519,519,519,519,521,521,521,521,521,521,521,521,521,521,521,521,521,522,522,522,522,524,525,529,531,532,535,538,539,542,544,546,549,551,553,556,558,561,563,565,568,569,573,575,577,580,583,584,588,590,592,596,597,600,602,605,608,610,613,616,618,621,624,626,629,632,634,636,640,642,646,648,650,653,656,659,662,665,667,669,673,681,690,698,706,715,723,732,740,748,756,764,772,780,789,797,805,814,821,829,837,845,853,862,869,877,885,894,901,908,916,924,931,940,947,954,963,970,976,985,992,995,996,1000,1001,1004,1005,1007,1010,1010,1011,1012,1015,1016,1017,1017,1017,1019,1020,1020,1020,1020,1020,1020,1020,1020,1018,1018,1017,1017,1017,1030,1042,1055,1041,1045,1058,1023,1015,1098,1147,1176,1201,1222,1237,1250,1263,1271,1279,1286,1294,1330,1339,1340,1353,1109,1111,1036,1113,1126,1160,1231,1239,1327,1346,1429,1435,1462,1513,1639,1626,1607,1772,2001,2144,2246,2116,2115,2101,2131,2115,1983,1894,2118,2489,2735,2863,3494,3998,4180,4043,4085,3898,3911,3708,3565,3478,3357,3541,3699,3060,3198,3349,3510,3682,3865,4055,4248,4437,4615,4780,4930,5066,5193,5313,5431,5548,5666,5787,5910,6036,6164,6295,6428,6564,6704,6846,6992,7140,7292,7446
cri,Costa Rica,274,274,274,274,274,274,274,274,274,274,274,274,274,274,275,275,275,275,275,275,275,278,281,284,287,290,294,297,300,304,307,311,314,318,321,324,328,332,336,339,343,347,351,355,359,363,367,371,375,380,384,388,392,397,402,406,410,415,420,425,429,434,439,444,449,454,459,464,470,475,480,485,491,496,502,508,513,519,525,531,537,543,549,555,561,568,574,580,587,593,600,607,614,621,628,635,642,649,656,664,671,679,686,694,702,710,718,726,734,742,751,768,786,804,822,841,860,880,900,920,941,900,979,884,990,965,1044,948,976,917,942,912,823,961,833,884,927,1044,1087,1082,1021,1125,978,961,845,935,1019,1179,1213,1230,1137,1130,1225,1363,1326,1425,1333,1394,1509,1505,1573,1584,1627,1713,1746,1851,1938,2000,2098,2182,2272,2363,2513,2647,2726,2717,2796,2972,3048,3116,3099,2965,2694,2702,2842,2794,2874,2940,2972,3023,3162,3443,4004,4607,4914,5066,5079,5248,5370,5382,5354,5390,5493,5617,5738,5876,6299,7037,7765,7856,8634,9415,10516,11128,11421,11883,12333,12535,12465,12320,11530,11707,11968,12210,12459,12724,13009,13299,13594,13893,14196,14503,14815,15131,15454,15782,16118,16460,16810,17167,17531,17903,18283,18671,19068,19473,19886,20308,20739,21180,21629
cub,Cuba,621,626,631,636,642,647,652,657,663,669,674,680,685,691,697,703,709,714,720,726,732,738,744,751,757,764,770,776,783,789,790,791,792,792,793,794,795,796,796,797,798,798,799,800,801,815,830,845,860,875,890,904,918,933,947,962,976,991,1007,1023,1038,1055,1070,1080,1091,1100,1110,1120,1130,1140,1151,1161,1172,1182,1193,1204,1214,1226,1236,1247,1259,1270,1308,1345,1384,1424,1466,1509,1553,1598,1644,1692,1742,1736,1730,1724,1718,1713,1707,1702,1695,1690,1684,1763,1814,1892,1918,2075,1841,2075,2075,1892,1945,2125,2178,2151,2255,2281,2308,2384,2384,2308,2281,2255,2333,2566,2437,2411,2281,2513,2384,1763,1634,1555,1684,1814,1918,2048,2075,2048,2075,2204,2204,2075,2281,2281,2411,2566,2513,2489,2645,2671,2851,2618,2618,2645,2747,2930,2930,3014,3002,3076,2982,2966,3166,3096,3193,3498,3238,3145,2984,3170,3261,3495,3619,3743,3795,3924,4125,4194,4117,4432,4499,4717,5064,5134,5088,4900,5007,5008,4789,4132,3629,3144,3529,4062,4248,3916,3538,3733,3929,4054,4109,4321,4572,5015,5640,6195,6614,6631,6672,6901,7116,7441,7548,8029,8311,8665,8987,9186,9361,9553,9754,9955,10157,10367,10581,10800,11024,11254,11490,11732,11980,12233,12492,12757,13028,13305,13586,13875,14170,14470,14778,15092,15412,15739,16073,16415,16763,17119,17482
cyp,Cyprus,623,623,623,623,623,623,623,623,623,624,624,624,624,624,624,624,624,625,625,625,625,632,639,648,655,663,670,679,687,695,703,712,719,729,737,746,755,763,773,781,791,800,810,820,830,840,849,860,870,880,890,902,911,922,934,945,956,967,979,990,1002,1014,1026,1039,1051,1063,1076,1089,1102,1114,1128,1142,1155,1169,1182,1197,1211,1225,1240,1255,1270,1285,1300,1315,1331,1347,1362,1379,1396,1412,1429,1446,1464,1480,1498,1516,1534,1552,1571,1589,1608,1627,1646,1666,1686,1706,1726,1746,1768,1789,1810,1831,1853,1875,1893,1909,1927,1944,1962,1979,1998,2008,2018,2028,2038,2049,2059,2069,2079,2089,2099,2109,2119,2129,2139,2149,2159,2169,2179,2188,2198,2195,2193,2190,2187,2184,2180,2177,2174,2169,2166,2089,2265,2458,2468,2523,2769,2889,2748,2864,2625,2926,3248,3456,3143,3869,4128,4713,4950,5431,5620,6371,6819,6990,5811,4996,6080,7120,7715,8511,9023,9293,9879,10389,11279,11792,12313,13125,14247,15607,16806,16704,18776,18444,19260,20408,21760,22371,24465,22305,21266,20812,21143,23289,26544,30379,31871,33874,38729,39375,38104,37880,33633,31189,29275,28853,27455,26934,28106,28461,26110,26594,27318,27850,28313,28723,29110,29516,29954,30432,30957,31527,32140,32790,33468,34171,34893,35632,36388,37161,37950,38755,39578,40418,41276,42152,43048,43962,44895,45848,46821
cze,Czech Republic,588,589,589,589,589,589,589,589,589,589,589,590,590,590,590,590,590,590,590,590,590,595,600,605,610,615,620,625,630,635,640,645,651,656,661,667,672,678,683,689,695,700,706,712,718,723,729,735,741,747,753,756,759,762,765,768,771,775,778,781,784,787,790,793,796,799,802,805,809,812,815,826,836,848,859,870,881,893,904,916,928,940,953,965,978,991,1004,1017,1030,1044,1057,1072,1087,1103,1118,1134,1150,1166,1183,1199,1216,1234,1251,1269,1288,1306,1325,1344,1363,1383,1403,1427,1452,1477,1460,1444,1427,1411,1395,1379,1364,1471,1416,1519,1663,1843,1822,1947,2108,2155,2073,1991,1900,1810,1734,1711,1846,2047,2061,2075,2089,2069,2050,2030,2011,1991,1971,1951,1931,2005,2117,2095,2103,2036,2061,2175,2239,2311,2422,2465,2587,2662,2678,2606,2702,2775,2870,2972,3088,3140,3180,3380,3591,3788,3995,4242,4437,4616,4841,4942,5071,5117,5092,5231,5407,5589,5807,6004,6193,6365,6501,5760,5725,5885,6876,8205,9375,9650,9650,9504,9508,9327,9690,11303,13442,15804,17429,19638,22423,22631,23072,22647,22029,21753,20855,20401,19633,19958,21410,22531,22070,22922,23844,24670,25444,26182,26842,27510,28184,28858,29529,30198,30866,31538,32216,32904,33604,34318,35047,35791,36551,37327,38119,38929,39755,40599,41461,42341,43240,44158,45096
deu,Germany,1648,1648,1648,1648,1648,1648,1648,1648,1648,1648,1648,1648,1648,1648,1648,1648,1648,1648,1648,1648,1648,1668,1689,1710,1731,1753,1775,1797,1820,1842,1864,1888,1912,1936,1959,1984,2009,2033,2059,2084,2110,2136,2163,2189,2216,2244,2272,2300,2329,2358,2387,2353,2383,2361,2412,2373,2558,2665,2631,2617,2740,2646,2750,2924,2975,2959,2960,2952,3110,3109,3073,3037,3228,3341,3550,3529,3462,3399,3515,3392,3329,3385,3416,3582,3641,3703,3695,3802,3913,3976,4058,4007,4127,4288,4343,4489,4581,4638,4761,4856,4989,4798,4835,5028,5153,5189,5268,5424,5439,5474,5596,5697,5890,6098,5113,4846,4905,4933,4986,4323,4674,5145,5568,4596,5347,5903,6026,6587,6836,6771,6641,6104,5620,5944,6449,6886,7440,7831,8347,9036,9031,9546,9594,9846,10169,7545,3706,4072,4736,5485,6487,7030,7610,8198,8771,9689,10324,10851,11262,11997,12879,13406,13981,14380,15255,16016,16504,16656,17626,18805,19681,20273,21178,22245,22598,22731,24128,25055,25983,27224,27662,27935,27923,28703,29826,30766,31656,32357,33537,35985,38492,40419,43975,43697,45396,47029,48379,47216,44145,41749,39218,36337,34402,36348,41362,45221,47595,50104,52781,52276,52982,54952,52728,52885,52547,50809,49165,47644,49370,50075,47470,49104,50726,51482,52219,52826,53429,54071,54780,55579,56478,57477,58567,59733,60961,62235,63549,64896,66273,67679,69116,70584,72082,73612,75175,76771,78401,80066,81766,83502,85274
dji,Djibouti,531,532,534,536,537,539,540,543,544,546,548,549,551,553,555,556,558,560,561,563,565,567,568,570,572,574,575,578,580,581,584,585,587,589,590,592,595,596,598,600,602,604,606,608,609,611,614,616,617,620,621,623,625,627,629,631,633,635,637,639,641,643,645,647,650,652,654,656,657,659,662,664,666,668,670,672,674,676,679,681,683,686,688,690,692,694,696,698,700,703,705,707,710,712,714,717,719,721,723,725,728,730,732,735,737,739,742,744,746,749,751,753,756,758,781,803,827,851,877,903,929,961,993,1026,1060,1097,1134,1172,1211,1252,1295,1337,1383,1429,1477,1527,1578,1630,1685,1741,1800,1860,1924,1988,2056,2125,2197,2272,2348,2428,2510,2587,2601,2636,2716,2732,2764,2792,2787,2865,2966,2985,2944,2969,2942,2937,2948,2942,2923,2915,3464,3516,3474,3484,3203,3404,3539,2928,2481,2400,2298,2243,2208,2150,2156,2130,2047,2011,2016,1869,1787,1572,1687,1821,1744,1830,1698,1711,1638,1614,1586,1569,1563,1681,1826,1867,2072,2136,2213,2282,2320,2381,2458,2541,2674,2832,2933,2976,3134,3373,3310,3381,3468,3576,3688,3802,3920,4040,4159,4276,4388,4497,4602,4707,4810,4913,5018,5125,5234,5345,5458,5574,5693,5813,5937,6063,6192,6323,6457,6595,6734
dma,Dominica,471,471,471,471,471,471,471,471,471,471,471,471,471,471,471,472,472,472,472,472,472,476,479,482,485,489,492,495,499,502,505,509,512,516,519,523,526,530,534,537,541,544,548,552,555,559,562,567,571,574,578,582,586,590,594,598,602,606,610,614,619,623,626,631,635,639,644,649,653,657,661,667,670,675,680,684,689,693,698,703,708,712,717,722,727,732,736,741,747,752,757,762,767,772,778,783,788,794,799,804,810,815,820,826,832,837,843,849,855,860,866,872,878,884,897,910,924,938,952,967,981,985,990,995,999,1003,1008,1012,1016,1019,1023,1027,1030,1033,1036,1039,1042,1045,1048,1050,1052,1055,1056,1058,1060,1060,1062,1063,1064,1064,1064,1157,1215,1163,1192,1226,1305,1343,1367,1330,1350,1291,1480,1544,1614,1385,1541,1564,1538,1676,1823,1951,2103,2291,2447,2521,2686,2736,3001,2437,2760,3070,3221,3339,3521,3616,3922,4224,4611,4735,5078,5227,5452,5733,5755,5926,6098,6282,6634,6533,6329,6565,6222,6523,6485,6395,6835,7137,7680,7832,8004,8053,7762,7509,8541,7641,8133,7706,8018,8407,7270,7242,7665,7967,8201,8395,8522,8654,8794,8944,9105,9279,9462,9656,9857,10064,10277,10495,10717,10945,11177,11415,11657,11904,12157,12415,12679,12948,13223,13503,13790
dnk,Denmark,2339,2345,2348,2353,2357,2362,2365,2371,2375,2379,2383,2389,2396,2402,2407,2411,2415,2419,2424,2427,2430,2517,2531,2494,2533,2520,2525,2572,2588,2525,2536,2513,2582,2548,2664,2626,2607,2655,2651,2661,2723,2696,2684,2815,2912,2957,2993,2950,3075,3225,3370,3169,3245,3227,3205,3515,3272,3284,3219,3391,3320,3332,3393,3564,3496,3576,3545,3509,3535,3699,3820,3801,3981,3923,3997,4027,4062,3902,4009,4097,4159,4164,4272,4384,4357,4337,4455,4567,4556,4577,4812,4873,4954,5014,5067,5282,5409,5460,5473,5628,5753,5920,5990,6273,6343,6381,6488,6648,6774,6947,7066,7355,7269,7460,7838,7204,7420,6898,6597,7361,7612,7297,7945,8694,8636,8349,8768,8883,9125,9678,10185,10220,9857,10090,10302,10451,10631,10810,10989,11429,9757,8723,8828,9687,10570,9661,11017,11510,11696,12384,13241,13227,13264,13905,14056,14103,14187,15189,15436,16470,16804,17851,18783,18851,20560,21435,21952,22611,23521,25025,25461,26089,27442,28407,28150,28020,29903,30440,30943,32114,32086,31960,33104,34123,35806,37500,38994,39238,39859,41977,44040,45099,48899,48035,50063,51872,54509,55065,52847,51424,48861,46133,44952,48432,55865,62823,66655,69061,73157,72180,72807,72141,69861,70828,70257,67201,64487,61792,63793,64667,63010,64556,66197,67220,68225,69245,70282,71359,72503,73734,75061,76484,77997,79587,81243,82951,84705,86502,88337,90213,92127,94083,96081,98121,100204,102331,104504,106723,108988,111303,113665
dom,Dominican Republic,209,209,209,209,209,209,209,209,209,209,209,209,209,209,209,209,210,210,210,210,210,211,212,213,215,215,217,218,219,220,221,223,224,225,226,228,229,230,231,233,234,235,236,238,239,240,241,243,244,245,247,248,250,251,252,254,255,257,258,259,261,262,263,265,266,268,269,271,272,274,275,277,278,280,281,282,284,286,287,289,290,292,293,295,297,298,300,302,303,305,307,308,310,312,313,315,317,319,320,322,324,326,327,329,331,332,334,336,338,340,342,344,345,347,353,358,364,369,375,381,387,392,397,402,406,411,416,421,426,431,436,441,446,451,456,460,465,470,475,480,484,489,493,498,502,507,511,515,520,524,528,574,602,577,591,608,648,666,679,660,669,641,734,766,800,687,764,775,762,830,901,981,1084,1196,1246,1286,1353,1398,1412,1452,1520,1561,1568,1616,1600,1541,1568,1666,1657,1657,1572,1836,2317,2724,2886,3122,3402,3697,3870,3951,4019,4024,4211,3679,3354,3850,4532,5489,5766,5910,6339,6447,6561,6758,6985,7308,7622,7728,8102,8254,7260,7586,7889,8209,8536,8879,9236,9597,9951,10291,10610,10908,11187,11453,11711,11967,12224,12484,12750,13020,13297,13579,13868,14162,14463,14770,15083,15403,15731,16064,16405
dza,Algeria,446,446,446,446,446,446,446,446,446,446,446,446,446,446,446,446,446,446,446,446,446,451,456,460,465,470,475,479,484,490,494,499,504,509,515,520,525,531,536,542,547,553,559,564,570,576,582,588,594,600,606,612,619,625,631,637,644,651,657,664,671,678,685,692,699,706,713,721,728,735,743,751,760,768,777,786,795,804,813,823,832,841,851,861,870,880,890,900,911,921,931,942,953,964,975,986,997,1008,1020,1031,1043,1055,1067,1079,1091,1104,1116,1129,1142,1155,1168,1183,1199,1215,1224,1234,1245,1256,1268,1281,1295,1313,1331,1352,1373,1396,1420,1445,1471,1499,1528,1556,1585,1616,1647,1678,1711,1743,1777,1810,1844,1879,1913,1949,1984,2019,2054,2088,2124,2158,2192,2188,2259,2270,2407,2443,2648,2912,2979,3480,3669,3543,2240,2758,2959,3147,2858,3092,3330,3512,3751,3304,3934,3997,4039,4160,4298,4574,4899,5116,5008,5006,5167,5283,5415,5453,5321,5140,4953,4644,4283,3496,3237,2909,2671,2469,2383,2366,2432,2380,2385,2453,2521,2690,2948,3432,3872,4460,5100,5153,5316,5353,5893,6186,6058,5386,4855,4305,4145,4086,3570,3607,3644,3623,3602,3584,3570,3561,3562,3576,3605,3649,3705,3771,3845,3923,4005,4090,4177,4265,4356,4448,4542,4639,4737,4838,4941,5046,5153,5262,5374
ecu,Ecuador,191,191,191,191,191,191,191,192,192,192,192,192,192,192,192,192,192,192,192,192,192,193,194,196,197,199,200,201,202,203,205,206,208,209,210,212,213,214,215,217,218,221,223,225,226,229,231,233,235,237,240,242,244,246,248,250,252,255,257,259,261,263,266,268,270,272,274,276,279,281,283,283,283,283,283,283,283,283,283,283,283,288,292,297,302,307,312,317,322,327,333,340,347,354,361,369,377,384,393,401,409,417,426,434,443,452,461,470,484,498,514,529,545,561,573,584,590,596,602,613,626,632,638,645,652,658,665,684,705,726,734,719,704,704,704,704,711,718,726,733,764,751,766,841,831,813,887,958,1059,1049,1106,1090,1193,1186,1249,1248,1260,1280,1282,1313,1359,1361,1399,1400,1462,1564,1566,1608,1656,1704,1779,1836,1902,2088,2158,2218,2375,2466,2577,2654,2712,2759,2728,2613,2661,2714,2735,2510,2720,2477,2476,2613,2726,2808,3001,3138,3261,3415,3412,2769,2325,2277,2521,2941,3341,3647,3859,4089,4664,4877,5233,5679,6108,6511,6742,6630,6444,6387,6342,6206,5530,5590,5584,5600,5634,5683,5745,5810,5884,5967,6062,6168,6284,6408,6540,6676,6818,6962,7110,7261,7415,7572,7733,7897,8065,8236,8411,8589,8771,8958,9148
egy,Egypt,281,281,281,281,281,281,281,281,281,280,280,280,280,280,280,280,280,280,279,279,279,280,282,283,284,285,287,288,289,291,292,293,295,296,297,299,300,301,303,304,305,307,308,309,311,312,314,315,316,318,319,321,322,324,325,326,328,329,331,332,334,335,337,338,340,341,343,344,346,347,349,352,354,357,360,363,366,369,372,375,378,380,383,386,390,393,396,399,402,405,408,411,415,418,421,425,428,431,435,438,442,445,448,452,456,459,463,466,470,474,478,481,485,489,487,485,483,481,480,478,476,474,472,470,469,467,465,463,461,460,458,456,454,453,451,449,447,446,444,442,441,439,437,436,434,432,430,429,427,425,424,422,419,416,414,412,422,430,441,451,461,485,511,538,566,594,590,575,578,612,645,666,673,685,703,766,874,970,1021,1078,1166,1180,1275,1343,1394,1453,1459,1474,1513,1420,1373,1324,1278,1278,1352,1466,1599,1770,1911,2038,2130,2100,1938,1728,1572,1545,1643,1896,2229,2547,2819,2979,3218,3396,3564,3709,3822,3303,2905,2741,3000,3014,3122,3234,3347,3471,3602,3734,3864,3989,4107,4219,4325,4426,4525,4623,4723,4823,4926,5030,5137,5246,5358,5471,5587,5706,5827,5951,6077,6206,6338
eri,Eritrea,110,110,110,110,110,110,110,111,111,111,111,111,111,111,111,111,111,111,111,111,111,111,111,112,112,112,112,113,113,113,113,114,114,114,115,115,115,116,116,116,116,117,117,117,118,118,118,119,119,119,119,120,120,120,121,121,121,121,122,122,123,123,123,123,124,124,124,125,125,125,126,126,126,127,127,127,128,128,128,129,129,129,130,130,130,131,131,131,132,132,132,132,133,133,134,134,134,135,135,135,136,136,136,137,137,137,138,138,139,139,139,139,140,140,141,142,142,143,144,144,145,146,146,147,148,149,149,150,151,151,152,153,154,155,156,156,157,158,159,159,160,161,162,163,163,164,165,166,167,167,168,170,172,179,176,182,185,181,183,185,190,196,202,208,213,224,233,245,255,261,254,261,268,269,266,251,249,248,233,256,259,262,260,275,262,227,244,271,267,260,260,287,318,364,445,430,470,501,521,482,450,455,437,418,445,494,510,520,497,577,607,698,392,385,398,413,413,414,456,468,458,460,475,484,494,504,514,525,535,547,558,570,582,594,606,620,633,646,660,674,688,703,718,733,748,764,781,797,814,831,849
esp,Spain,1201,1200,1199,1197,1196,1194,1197,1200,1203,1205,1208,1211,1214,1217,1219,1223,1232,1242,1253,1262,1273,1288,1303,1319,1335,1351,1349,1347,1346,1344,1343,1342,1340,1339,1338,1336,1340,1344,1349,1353,1358,1362,1366,1370,1374,1379,1374,1370,1366,1361,1357,1368,1420,1420,1435,1505,1432,1386,1411,1481,1535,1537,1537,1558,1548,1484,1573,1548,1353,1400,1439,1550,1786,1932,1763,1811,1866,2069,1985,1842,2004,2019,2026,2054,2060,1983,1938,1894,1969,1964,1959,1996,2163,2071,2094,2060,1854,1964,2091,2097,2129,2295,2179,2158,2116,2086,2208,2250,2320,2369,2246,2408,2319,2440,2356,2365,2447,2398,2369,2405,2580,2643,2726,2730,2798,2963,2903,3149,3108,3320,3121,3013,3067,2935,3009,3027,2288,2111,2097,2295,2522,2538,2700,2825,2924,2670,2762,2794,2766,2733,2755,3015,3265,3235,3443,3533,3794,3898,4117,4045,4007,4482,4919,5413,5709,6148,6583,6916,7303,7959,8197,8593,9447,10261,11005,11296,11769,12118,12419,12608,13002,12989,13223,13498,13661,14123,14750,15856,16949,19486,22065,24191,26596,25236,23861,23626,24393,24783,24386,24079,23651,22795,22716,25129,28915,32760,34635,36847,38995,38991,37914,36018,33452,32735,32144,31574,30588,29506,30491,30927,27360,29078,30314,31033,31666,31990,32330,32694,33102,33567,34095,34689,35340,36040,36779,37547,38339,39151,39982,40830,41697,42583,43487,44410,45353,46316,47299,48303,49329,50376,51445
est,Estonia,368,368,369,369,369,370,370,371,371,372,372,372,373,373,374,374,375,375,376,376,376,379,382,384,386,389,391,394,396,399,402,404,407,409,412,415,418,421,423,426,429,431,434,437,439,442,445,448,451,454,457,460,463,466,469,472,475,478,481,484,488,491,494,497,501,504,507,510,513,517,520,524,527,530,534,537,541,544,548,551,555,558,562,566,569,573,551,644,620,577,574,526,576,653,742,687,757,744,764,811,794,814,884,824,911,806,771,741,809,840,897,828,895,940,898,925,823,722,578,531,691,796,917,983,1001,1050,1080,1157,1227,1233,1212,1176,1163,1235,1368,1418,1506,1583,1654,1572,1488,1463,1438,1413,1382,1353,1324,1467,1652,1800,1944,1914,1998,2043,2101,2234,2398,2397,2524,2444,2620,2728,2763,2665,2975,3112,3233,3347,3514,3537,3780,3850,3840,4130,4203,4276,4351,4428,4505,4583,4663,4821,4986,5146,5341,5391,5576,5653,5965,6390,5900,5280,4550,4191,4211,4481,4772,5456,5747,5707,6254,6330,6732,7986,9826,12321,14317,16639,18426,17598,17494,18608,19128,20453,20966,20768,20477,20459,22181,23692,23170,23951,24957,25839,26681,27504,28357,29221,30078,30917,31730,32516,33280,34030,34775,35524,36283,37055,37842,38646,39466,40304,41160,42034,42926,43837,44768,45718,46689,47680,48693
eth,Ethiopia,342,342,342,342,342,342,342,342,342,342,342,342,343,343,343,343,343,343,343,343,343,343,343,343,343,343,343,343,344,344,344,344,344,344,344,344,344,344,344,345,345,345,345,345,345,345,345,345,345,345,347,347,347,347,347,347,347,347,347,347,347,348,348,348,348,348,348,348,348,348,348,348,349,349,349,349,349,350,350,350,350,350,350,350,350,350,350,350,351,351,351,351,351,352,352,352,352,352,352,352,352,352,352,352,353,353,353,353,353,354,354,354,354,354,354,355,355,356,356,357,358,359,362,364,366,368,371,373,375,377,379,381,383,385,388,389,392,393,395,397,400,402,404,406,407,409,411,413,414,416,418,424,427,445,437,452,458,447,453,458,471,481,486,535,544,560,565,571,562,566,580,586,596,596,583,565,560,556,536,556,569,549,528,532,503,458,473,498,486,473,470,441,375,353,264,239,235,219,205,187,195,191,175,153,183,203,224,273,339,408,452,454,465,527,607,666,744,807,833,866,890,893,956,1017,1082,1150,1222,1296,1369,1437,1498,1552,1600,1643,1683,1721,1759,1796,1834,1873,1913,1953,1995,2038,2081,2125,2170,2216,2263,2311,2360
fin,Finland,1728,1736,1742,1749,1756,1763,1770,1777,1784,1791,1799,1805,1813,1820,1827,1835,1841,1848,1856,1863,1871,1881,1889,1898,1908,1917,1927,1935,1945,1955,1964,1974,1983,1993,2002,2012,2022,2032,2042,2052,2062,2071,2081,2093,2102,2112,2122,2133,2143,2154,2164,2164,2166,2166,2166,2167,2167,2168,2168,2168,2169,2176,2034,2176,2202,2161,2176,2012,2278,2501,2589,2560,2600,2711,2734,2750,2859,2750,2665,2650,2623,2521,2733,2794,2769,2796,2898,2898,2957,3014,3136,3066,2906,3046,3178,3388,3567,3689,3789,3651,3789,3717,3614,3828,3931,3957,4075,4165,4154,4279,4329,4404,4593,4795,4546,4274,4299,3590,3112,3766,4192,4279,4674,4967,5051,5288,5434,5808,6149,6171,6056,5863,5792,6138,6787,7025,7448,7816,8152,7741,7315,7545,7556,8397,8370,7836,8366,8443,8987,9411,9660,10382,10616,10565,11361,11804,12026,12470,12432,13069,14151,15157,15556,15991,16743,17614,18005,18328,18706,20565,22232,22717,24358,25899,26601,26846,26707,26758,27297,29184,30708,31212,32115,32855,33737,34802,35588,37017,38797,43907,46985,44322,41181,34769,33260,35096,39145,41796,40781,40504,39668,37908,37229,40027,46209,50868,53284,57191,60655,58619,58987,58362,55459,55452,54500,52364,50554,48821,50151,50900,49780,50863,52104,52869,53533,54227,54934,55677,56483,57368,58343,59409,60559,61777,63054,64376,65736,67130,68554,70009,71496,73013,74563,76147,77763,79414,81100,82821,84580,86375,88209
fji,Fiji,407,407,407,407,407,407,408,408,408,408,408,408,408,408,408,408,408,408,408,408,408,410,411,412,414,416,417,418,419,421,422,424,425,427,428,430,431,432,434,436,437,438,440,441,443,444,446,448,449,451,452,454,455,456,458,460,461,462,465,466,468,469,471,473,474,475,477,479,480,482,484,485,487,488,490,492,494,495,497,499,501,502,504,506,507,509,511,513,514,516,518,520,521,523,525,527,528,530,532,533,536,537,540,541,543,545,546,548,550,552,554,556,558,559,574,588,603,618,634,649,666,683,701,719,738,757,777,797,818,839,861,889,917,947,977,1008,1040,1072,1106,1140,1176,1212,1249,1288,1327,1367,1409,1451,1495,1540,1586,1633,1681,1730,1782,1834,1888,1942,1998,2055,2114,2104,2106,2168,2203,2081,2036,2260,2395,2398,2620,2731,2881,3140,3161,3167,3161,3264,3266,3590,3449,3582,3408,3225,3416,3227,3411,3174,3224,3260,3235,3161,3391,3514,3677,3919,4170,4042,3617,3655,3344,3143,3147,3359,3957,4521,4469,4696,4821,4625,4341,4387,4691,5278,5539,5664,5867,5853,6154,5910,4890,5106,5535,5862,6110,6301,6473,6648,6823,6996,7167,7335,7501,7667,7833,8000,8171,8344,8521,8702,8887,9076,9269,9465,9666,9872,10081,10295,10514,10737,10965
fra,France,2138,2139,2142,2143,2144,2145,2146,2147,2148,2149,2150,2152,2153,2154,2155,2156,2157,2158,2159,2161,2162,2334,2241,2311,2373,2268,2330,2280,2267,2325,2268,2302,2499,2453,2457,2540,2498,2531,2642,2546,2720,2774,2701,2833,2921,2819,2816,3114,2913,2995,3042,2986,3169,3006,3139,3080,3211,3390,3620,3380,3605,3370,3646,3758,3788,3666,3685,3454,3775,3822,3573,3618,3958,3662,4109,4227,3863,4051,3983,3720,4038,4179,4359,4359,4291,4204,4261,4284,4323,4423,4526,4633,4750,4830,5003,4894,5115,5028,5258,5546,5478,5384,5286,5394,5423,5513,5606,5849,5801,6033,5649,6191,6694,6639,6165,6187,6597,5675,4564,5356,6147,5857,6877,7152,7961,7937,8095,7913,8442,8973,8634,8069,7543,8076,7985,7784,8085,8548,8508,9131,7700,6303,5680,5449,4615,4901,7344,7883,8368,9423,9879,10403,10600,10827,11268,11809,12283,12883,13059,13294,14093,14725,15415,16004,16903,17593,18348,19076,19798,21024,22068,22945,23793,24916,25516,25250,26282,27194,27875,28689,28992,29180,29798,30065,30381,30719,31364,32055,33357,35494,37299,37823,40619,39645,40202,41007,42500,42188,40796,39540,37448,35015,33645,36139,41086,45423,47122,49720,52648,52769,52149,51613,49158,49064,47802,45645,43410,41714,42852,43319,39480,41661,43298,43915,44442,44922,45353,45819,46351,46969,47685,48497,49396,50368,51396,52469,53575,54709,55870,57056,58267,59504,60767,62058,63375,64720,66095,67498,68931,70394,71889
fsm,"Micronesia, Fed. Sts.",615,615,615,616,616,616,617,617,617,618,618,618,620,620,620,621,621,621,622,622,622,623,623,623,624,624,624,625,625,625,626,626,626,628,628,628,630,630,630,630,631,631,631,632,632,632,633,633,633,634,634,634,635,635,635,636,636,636,637,637,637,639,639,639,640,640,640,641,641,641,642,642,643,643,643,644,644,644,646,646,646,647,647,647,648,648,648,650,650,650,651,651,651,652,652,652,653,653,653,654,654,654,655,655,655,656,656,656,657,657,657,659,659,659,673,686,700,714,727,742,757,773,788,804,821,837,855,872,889,907,926,945,964,983,1003,1024,1045,1066,1087,1110,1133,1155,1179,1203,1226,1251,1277,1302,1329,1356,1383,1411,1440,1469,1499,1529,1560,1592,1623,1656,1690,1722,1756,1789,1823,1858,1894,1930,1966,2005,2043,2066,2081,2785,3202,3168,3116,3107,3179,3135,2813,2981,2808,2775,2583,2928,3080,3070,3181,3131,3183,3334,3379,3564,3512,3505,3355,3023,3080,3189,3314,3319,3308,3317,3197,3242,3187,3184,3138,3387,3449,3573,3570,3564,3476,3876,3789,3760,3541,4005,3950,3797,3896,3968,3988,4004,4021,4042,4072,4111,4163,4225,4298,4380,4467,4560,4656,4755,4855,4958,5064,5171,5281,5393,5508,5625,5743,5865,5991,6117,6247
gab,Gabon,193,193,193,193,193,194,194,194,194,194,194,194,194,194,194,194,194,194,194,194,194,194,194,194,194,194,194,194,194,194,194,194,194,194,194,194,194,194,194,195,195,195,195,195,195,195,195,195,195,195,195,195,195,195,195,195,196,196,196,196,196,196,196,196,196,196,196,196,196,196,196,196,196,196,196,196,196,196,196,196,196,196,196,196,196,196,196,196,196,196,196,206,216,226,235,245,255,265,274,284,294,305,316,327,339,349,361,373,384,396,408,419,432,444,457,468,481,493,506,518,531,550,570,590,610,631,654,675,697,721,743,761,781,800,818,837,855,875,894,914,933,953,972,992,1011,1030,1050,1071,1090,1109,1130,1228,1333,1446,1570,1704,1848,2004,2173,2355,2553,2802,3031,3417,3775,4070,3944,4434,4519,4944,5310,5739,6268,6775,9265,10814,14344,12252,9083,8902,8900,9114,8600,8840,9246,8781,8467,6817,7475,8341,8710,9129,8723,7448,6810,6229,6428,6689,6223,5102,4649,5038,5260,5408,5647,6990,7146,8165,8868,9117,9336,9450,10301,10456,10295,8851,7866,7096,7112,7306,7030,7023,7125,7283,7457,7651,7860,8072,8285,8494,8702,8906,9107,9308,9509,9714,9920,10131,10346,10566,10791,11020,11253,11492,11736,11985,12240,12500,12765,13036,13313
gbr,UK,3727,3736,3746,3625,3572,3732,3665,3851,3623,3689,3877,3787,3576,3711,3572,3890,3623,3626,3569,3459,3685,3688,3696,3744,3893,3926,3668,3900,3859,3838,3958,3952,4027,4012,4057,4305,4389,4300,4418,4327,4479,4342,4246,4404,4732,4891,4832,4721,4862,4930,4829,4991,5158,5278,5473,5293,5589,5596,5440,5608,5670,5601,5311,5759,5858,5946,6078,6047,6283,6282,6498,6462,6431,6513,6549,6633,6620,6603,6554,6451,6685,6852,6989,6984,6934,6837,6878,7089,7342,7665,7631,7560,7306,7231,7638,7799,8039,8059,8361,8617,8466,8380,8511,8341,8311,8477,8676,8757,8318,8425,8605,8778,8867,9155,9065,9631,9702,9660,9621,8479,7823,7572,8240,8458,8745,9141,8771,9445,9520,9779,9669,9131,9148,9377,9965,10306,10725,11049,11135,11129,12183,13296,13574,13762,13158,12539,11985,11736,11988,12362,12332,12658,12601,13054,13540,13981,14091,14247,14157,14642,15363,15749,15773,16287,17043,17382,17630,17932,18587,18852,19248,19570,20213,21535,21250,21241,21734,22230,23041,23664,23254,22937,23323,24146,24730,25547,26603,27794,29106,31651,33558,34239,36598,35913,36096,33567,35728,40057,42486,43646,43912,42506,42518,44975,49603,54211,56222,59037,58984,53357,49878,48063,47526,48100,49292,49676,48288,45649,44164,44287,39700,41616,43527,44212,44818,45355,45861,46400,46998,47675,48440,49292,50224,51223,52274,53366,54492,55647,56828,58034,59267,60524,61810,63121,64462,65830,67228,68656,70112,71601,73122
geo,Georgia,490,490,490,490,490,490,490,490,491,491,491,491,491,491,491,491,491,491,491,491,492,494,496,498,501,504,505,508,511,513,515,518,520,522,526,528,530,533,535,538,541,543,545,548,551,553,556,559,561,564,567,569,572,575,578,580,583,586,588,591,594,597,600,603,605,609,611,614,618,620,622,626,629,632,635,638,641,644,647,650,653,656,660,663,666,668,643,750,720,668,665,609,665,752,855,789,869,853,874,926,905,927,1005,935,1032,912,871,836,911,945,1007,928,1002,1052,1003,1030,1028,803,627,490,469,450,505,567,637,716,803,902,1012,1024,1071,1083,1066,1107,1208,1382,1476,1600,1596,1661,1593,1563,1535,1506,1518,1528,1539,1754,2031,2273,2523,2553,2736,2873,3032,3309,3642,3735,4033,4005,4400,4602,4680,4533,5078,5330,5694,6015,6249,6514,7262,7399,7566,8010,8072,8135,8198,8260,8323,8386,8448,8808,9179,9596,10214,10703,10594,10407,11042,10574,8989,7042,3851,2707,1253,876,1050,1285,1374,1307,1185,1146,1224,1380,1585,1925,2378,2949,3416,3544,3818,4096,4703,5077,5230,4898,4533,4404,4644,4779,4270,4416,4668,4924,5185,5461,5753,6048,6336,6608,6858,7083,7286,7472,7647,7817,7986,8157,8330,8507,8688,8872,9061,9253,9450,9650,9855,10064,10278,10496,10719
gha,Ghana,273,273,274,274,274,274,275,275,275,275,275,276,276,276,276,276,276,277,277,277,278,278,278,278,279,279,279,279,279,280,280,280,280,280,281,281,281,281,282,282,282,282,282,283,283,283,283,283,284,284,284,284,285,285,285,286,286,286,286,286,287,287,287,287,287,288,288,288,288,289,289,289,290,291,292,292,293,293,294,295,295,296,296,297,298,299,299,300,300,301,302,303,302,304,300,302,292,293,292,292,284,275,290,297,310,317,340,352,357,376,374,446,444,467,465,548,513,565,451,791,617,620,738,785,843,822,842,772,798,816,692,709,728,746,767,794,823,852,766,748,731,714,697,681,665,649,563,484,506,556,660,669,642,713,784,716,851,761,822,842,882,887,909,922,927,927,907,903,895,906,979,1032,977,979,1026,885,841,848,911,880,846,840,771,695,719,737,749,768,793,728,723,724,733,706,610,589,596,611,616,607,510,441,393,446,498,583,747,979,1393,1429,1475,1606,1734,2062,2075,2155,2011,2049,2208,2272,2340,2409,2493,2539,2584,2690,2765,2841,2917,2992,3065,3138,3210,3280,3352,3423,3496,3571,3647,3724,3803,3884,3966,4050,4137,4224,4314,4405,4499,4595,4692
gin,Guinea,246,246,246,246,246,246,246,246,246,246,246,246,246,246,246,246,246,246,246,246,247,247,247,248,249,249,250,250,251,251,252,253,253,254,254,254,255,255,255,256,256,257,258,258,259,259,260,260,261,262,262,263,263,264,264,265,265,266,267,267,268,268,269,269,270,270,271,272,272,273,273,274,274,275,275,276,276,277,277,278,278,279,280,281,281,282,282,283,283,284,284,285,286,286,287,287,288,288,290,290,291,291,292,292,293,293,294,295,295,296,299,302,305,309,312,315,318,322,325,328,331,337,342,347,352,358,363,368,374,380,385,391,396,402,408,414,420,425,431,438,444,450,456,462,468,475,482,488,494,501,507,534,546,560,589,603,620,635,648,678,765,814,810,804,731,750,755,726,717,689,616,639,643,644,668,676,719,685,720,700,705,696,694,687,679,695,697,698,720,710,741,742,784,824,824,797,800,799,742,700,600,529,510,474,485,456,498,582,751,805,821,791,793,784,817,844,867,894,896,968,1020,1051,1079,1105,1131,1158,1186,1214,1243,1272,1300,1329,1358,1388,1417,1447,1478,1510,1542,1575,1608,1642,1677,1713,1749,1786,1824,1863,1902,1943,1984
gmb,Gambia,218,218,219,219,219,219,219,219,219,219,220,220,220,220,220,220,221,221,221,221,221,221,221,221,222,222,222,222,222,222,222,222,223,223,223,223,223,223,223,223,224,224,224,224,224,224,225,225,225,225,225,225,225,226,226,226,226,226,226,227,227,227,227,227,227,227,227,228,228,228,228,228,228,228,228,228,228,229,229,229,229,229,229,230,230,230,230,230,230,230,231,231,231,231,231,231,232,232,232,232,232,232,233,234,234,234,234,235,236,236,236,237,237,238,238,239,239,239,240,240,241,242,243,244,245,247,247,249,250,251,252,253,254,255,256,257,258,259,260,261,262,263,264,265,266,267,268,269,270,271,271,280,282,286,295,297,300,303,303,312,322,369,358,354,371,404,462,468,465,505,446,437,429,459,477,498,483,482,497,473,465,540,567,537,536,537,531,531,540,546,560,706,886,1194,1138,1099,1097,1081,1042,995,930,823,641,544,616,658,797,867,981,1057,1058,884,861,818,717,689,689,719,750,764,750,772,798,829,857,880,903,926,948,971,994,1016,1039,1061,1084,1108,1131,1155,1180,1205,1230,1256,1283,1310,1338,1367,1395,1425,1456,1486,1518
gnb,Guinea-Bissau,108,108,108,108,108,108,108,108,108,108,108,108,108,108,108,108,108,108,108,108,108,108,108,108,109,109,109,109,109,109,109,109,109,109,109,109,110,110,110,110,110,110,110,110,110,110,110,111,111,111,111,111,111,111,111,111,111,111,111,111,112,112,112,112,112,112,112,112,112,112,113,113,113,113,113,113,113,113,113,114,114,114,114,114,114,114,114,114,114,114,115,115,115,115,115,115,115,115,115,115,115,115,116,116,116,116,116,116,116,116,116,116,117,117,117,117,117,117,117,117,117,117,117,117,117,117,117,117,117,117,117,117,117,117,117,117,117,117,117,117,117,117,116,116,116,116,116,116,116,116,116,122,127,134,159,150,168,177,179,179,186,196,206,212,231,246,254,262,273,289,306,296,317,320,334,342,337,311,350,354,294,288,297,283,294,302,295,308,324,382,398,424,409,387,363,350,376,376,253,249,315,367,437,460,498,545,548,582,618,673,690,745,714,717,706,711,722,741,750,815,760,766,779,801,824,847,872,896,921,946,970,993,1016,1038,1061,1084,1107,1130,1154,1179,1204,1230,1256,1282,1310,1337,1366,1395,1424,1454,1486
gnq,Equatorial Guinea,87,87,87,87,87,87,87,88,88,88,88,88,88,88,88,89,89,89,89,89,89,89,89,90,90,90,90,90,90,90,90,90,91,91,91,91,91,91,91,91,92,92,92,92,92,92,92,92,93,93,93,93,93,93,93,93,94,94,94,94,94,94,94,95,95,95,95,95,95,95,95,95,95,96,96,96,96,96,96,97,97,98,99,101,102,103,105,106,107,109,110,111,113,114,116,117,118,120,121,122,124,125,127,129,130,132,134,135,137,139,141,143,144,146,148,150,151,153,155,157,159,161,163,165,166,168,170,172,174,176,178,180,181,184,185,187,189,191,193,195,198,198,198,199,199,199,199,200,200,200,200,208,212,218,226,230,236,241,245,255,277,299,329,373,425,477,491,517,528,506,486,496,497,541,599,739,817,855,792,649,577,563,535,522,488,517,477,468,450,419,470,477,647,622,445,398,564,1363,1106,1275,1155,1322,1851,1659,2253,4926,10097,14372,17263,15051,11857,13430,15717,15723,14599,12050,9189,7096,7008,6399,5810,5850,5334,5104,4889,4597,4362,4158,3997,3886,3824,3805,3823,3867,3929,4004,4085,4170,4259,4349,4441,4535,4632,4730,4830,4933,5038,5145,5254,5365,5479
grc,Greece,811,811,811,811,811,811,811,811,811,811,812,812,812,812,812,812,812,812,812,812,812,812,812,812,812,812,813,813,813,813,813,813,813,813,865,1131,1094,1122,1180,1069,1022,1015,1036,875,848,817,895,762,822,842,850,1042,880,964,1009,1062,930,1205,1163,1143,1124,1197,1208,1079,981,1048,1000,1057,1069,1054,1025,984,955,1126,1065,1021,1016,955,1050,1092,1073,1042,1110,1106,1244,1342,1284,1329,1358,1265,1194,1041,1086,1156,1181,1137,1248,1060,1145,1169,1043,1000,1282,1252,1322,1354,1339,1357,1349,1376,1371,1709,1659,993,1266,964,820,715,1206,1075,1209,1617,1656,1677,1735,1805,1839,1872,1884,1975,1904,1800,1931,2020,2039,2092,2071,2336,2258,2225,1875,1581,1332,1119,941,791,1169,1487,1516,1576,1615,1739,1731,1948,1989,2120,2282,2411,2499,2564,2653,2894,3017,3349,3650,4017,4277,4506,4843,5357,5830,6281,7086,7404,7179,7616,8070,8299,8824,9121,9275,9282,9349,9419,9720,10075,10299,10318,10861,11872,12737,13455,14036,14974,15877,16584,17643,19061,20776,22121,23058,24414,26185,27077,27519,28756,30564,32647,34719,35231,32740,28524,26256,25115,24265,22400,20699,19555,19848,20024,17930,18680,19692,20237,20630,21016,21389,21773,22172,22590,23029,23489,23969,24467,24980,25508,26048,26601,27165,27742,28331,28932,29547,30174,30815,31469,32137,32819,33516,34227,34954
grd,Grenada,626,626,626,626,626,626,626,627,627,627,627,627,627,627,627,627,627,627,627,627,627,630,633,636,638,641,643,646,649,652,655,657,660,663,666,669,671,674,678,680,683,686,689,692,695,698,701,704,707,709,713,715,719,722,725,728,731,735,737,740,743,747,750,753,757,760,763,765,769,772,775,779,783,786,789,792,796,799,802,806,809,813,817,820,823,827,830,834,837,841,845,848,852,855,859,862,866,870,873,878,881,885,889,892,896,900,903,907,911,915,919,923,927,931,935,939,942,947,951,955,959,963,967,971,975,979,983,986,990,994,998,1002,1007,1011,1014,1018,1022,1027,1031,1035,1039,1039,1038,1037,1037,1036,1035,1035,1033,1033,1032,1051,1070,1089,1109,1128,1149,1170,1190,1212,1233,1264,1296,1328,1362,1396,1431,1467,1504,1541,1579,1703,1844,2022,2174,2267,2512,2706,2903,3110,3097,3084,3165,3174,3259,3488,3784,4258,4485,4862,5132,5368,5350,5246,5293,5273,5487,5734,6302,6704,6914,6624,6776,7373,7009,8421,8005,8462,8795,8072,8253,8216,7966,8237,8298,8607,9278,9527,9955,9956,9410,9214,9636,10069,10376,10601,10831,11066,11305,11548,11796,12049,12306,12568,12835,13107,13386,13670,13961,14257,14560,14869,15184,15507,15836,16172,16515,16866,17224,17590,17963
gtm,Guatemala,307,307,307,307,308,308,308,308,308,308,308,308,308,308,308,308,308,308,308,309,309,311,314,316,319,321,324,326,329,332,334,337,340,343,346,349,351,354,357,360,363,366,369,372,375,378,381,384,387,390,393,397,400,403,407,410,413,417,420,423,427,431,434,438,441,445,449,452,456,460,463,467,471,475,479,483,487,490,495,498,502,507,511,515,519,523,528,532,536,541,545,549,554,558,563,568,572,577,582,586,591,596,601,606,611,616,621,626,631,636,641,651,662,672,683,693,704,715,726,737,749,813,760,827,885,859,859,905,916,1012,1045,953,812,799,890,1007,1356,1298,1308,1445,1613,1662,1647,1080,1024,1019,1178,1162,1170,1242,1227,1204,1191,1195,1179,1170,1236,1264,1281,1301,1290,1301,1302,1380,1396,1424,1470,1496,1591,1628,1681,1730,1812,1886,1955,1943,2034,2136,2185,2230,2256,2206,2077,1960,1915,1849,1791,1773,1765,1785,1681,1713,1755,1917,2028,2167,2257,2397,2543,2567,2505,2350,2331,2328,2424,2533,2677,2936,3162,3183,3247,3387,3581,3788,3917,4109,4300,4469,4582,4698,4490,4598,4687,4755,4823,4893,4963,5037,5115,5200,5292,5391,5497,5609,5725,5846,5969,6096,6225,6357,6492,6630,6771,6915,7062,7211,7365,7521,7681,7843,8010
guy,Guyana,227,227,227,227,227,227,227,227,227,227,227,227,227,227,227,227,227,227,227,227,227,229,230,232,234,235,237,238,240,242,243,245,246,248,250,251,253,255,257,258,260,262,264,265,267,269,271,272,274,276,278,280,282,284,286,288,290,292,294,296,298,300,302,304,306,308,310,312,314,316,318,321,323,325,327,329,331,334,336,338,340,343,345,347,350,352,354,357,359,362,364,367,369,372,374,377,379,382,384,387,390,392,395,397,400,403,406,408,411,414,417,419,422,425,432,438,445,451,458,465,472,480,487,495,503,511,519,528,536,544,553,562,571,580,589,599,608,618,628,638,648,658,669,679,690,701,712,724,735,747,759,739,719,700,681,663,645,628,612,595,579,599,599,520,573,628,655,677,679,722,751,776,765,782,842,934,966,945,933,922,948,974,858,814,787,823,833,860,847,656,723,583,664,773,940,1067,1301,1394,1390,1338,1335,1293,1297,1310,1349,1380,1830,2825,4664,5033,5364,5609,5995,6209,6146,6075,6222,6442,6550,6756,7130,7412,7718,8042,8366,8707,9064,9426,9781,10120,10439,10735,11012,11275,11530,11782,12036,12292,12553,12820,13092,13370,13654,13944,14240,14542,14851,15166,15488,15817,16152
hnd,Honduras,477,477,477,477,477,477,477,477,477,477,478,478,478,478,478,478,478,478,478,478,479,484,491,497,503,510,516,523,529,537,544,551,558,565,572,579,587,594,601,610,617,625,634,641,649,658,667,675,684,693,701,711,720,729,738,748,757,767,777,787,797,808,817,828,839,850,861,872,882,894,906,917,929,941,953,965,978,990,1002,1016,1029,1042,1055,1069,1083,1097,1110,1125,1140,1154,1169,1179,1189,1199,1209,1219,1230,1240,1250,1260,1271,1282,1293,1303,1314,1325,1336,1347,1358,1369,1380,1384,1389,1393,1398,1403,1407,1411,1415,1420,1423,1399,1463,1399,1275,1485,1448,1571,1729,1675,1747,1747,1534,1411,1353,1269,1266,1187,1235,1246,1296,1270,1133,1126,1124,1362,1432,1490,1487,1464,1468,1503,1515,1589,1453,1444,1513,1532,1532,1520,1561,1558,1599,1611,1644,1731,1779,1823,1874,1833,1839,1859,1903,1988,2197,2183,2345,2517,2685,2728,2661,2633,2519,2426,2455,2480,2422,2495,2540,2313,2006,1660,1585,1597,1451,1434,1364,1426,1437,1447,1530,1528,1545,1561,1572,1621,1681,1834,1962,1994,2057,2165,2210,2241,2196,2266,2344,2431,2406,2425,2180,2239,2273,2311,2353,2399,2451,2503,2557,2612,2667,2724,2782,2841,2902,2963,3026,3090,3156,3223,3292,3362,3433,3506,3580,3656,3734,3813,3894,3977,4061
hrv,Croatia,610,615,621,626,632,638,643,648,654,659,665,670,681,692,703,714,725,735,746,757,763,770,777,783,789,796,802,809,815,822,829,835,842,850,857,863,871,877,885,892,900,907,914,921,929,937,945,952,960,968,976,980,984,988,991,995,999,1003,1007,1011,1015,1019,1023,1027,1031,1035,1039,1043,1047,1051,1055,1073,1092,1111,1130,1150,1170,1190,1211,1232,1254,1275,1298,1320,1343,1366,1390,1414,1438,1464,1490,1500,1510,1520,1531,1542,1552,1563,1574,1585,1596,1621,1648,1674,1701,1729,1756,1785,1813,1843,1873,1873,1873,1874,1868,1861,1855,1848,1842,1836,1830,1848,1876,1919,1998,2038,2118,2024,2140,2189,2084,1963,1730,1732,1745,1669,1831,1807,1895,1941,1892,1846,1799,1754,1710,1666,1623,1582,1830,1948,1769,1782,1593,1718,1858,2182,2074,2446,2493,2700,2949,3145,3206,3526,3836,3923,4220,4378,4589,4959,5335,5791,5978,6243,6814,7044,7373,8030,8674,9228,9438,9509,9548,9434,9691,9744,10065,10107,10077,9978,9327,7474,6825,6440,6944,7615,8176,8726,8639,8135,7889,7858,8247,9380,11254,12980,14205,15809,17396,17081,16899,16502,15400,15409,14808,14593,13944,13996,14870,15611,14530,15331,16224,17024,17744,18345,18839,19340,19841,20339,20831,21315,21796,22275,22757,23245,23740,24244,24759,25285,25822,26370,26930,27501,28085,28682,29290,29912,30547,31196,31858
hti,Haiti,145,145,146,146,146,146,146,146,146,146,146,146,146,146,146,146,146,146,146,146,146,148,149,150,152,153,155,157,158,160,162,163,165,167,168,170,172,173,175,177,179,181,183,185,186,188,190,192,194,196,198,200,202,204,206,208,210,213,215,217,219,222,224,226,228,231,233,235,238,240,243,245,248,250,253,255,258,261,263,266,269,272,274,277,280,283,286,288,292,294,298,300,304,307,310,313,316,319,323,326,329,333,336,339,343,346,350,354,357,361,365,368,372,376,380,384,384,385,385,386,386,387,387,388,388,388,389,389,389,389,389,389,390,390,390,390,393,396,400,403,406,409,412,415,418,421,420,422,422,421,423,422,440,419,445,420,448,414,438,410,428,412,454,426,417,422,420,412,428,442,463,498,503,526,556,561,608,610,638,684,732,709,680,684,683,683,675,667,684,674,759,795,664,521,429,494,564,611,632,700,825,940,1049,920,852,874,984,1115,1224,1393,1344,1443,1473,1558,1578,1566,1511,1461,1468,1416,1320,1317,1314,1313,1314,1316,1320,1326,1334,1346,1362,1382,1405,1431,1460,1490,1522,1554,1586,1620,1655,1690,1725,1762,1800,1838,1877,1917,1958,1999,2042
hun,Hungary,540,540,540,540,540,540,541,541,541,541,541,541,541,541,541,541,541,542,542,542,542,546,550,554,559,563,568,572,576,581,586,590,595,600,604,609,613,619,623,628,633,640,647,654,661,667,674,681,687,693,699,705,710,715,721,726,730,735,740,744,748,751,755,758,761,765,767,770,771,773,775,787,798,810,823,835,847,860,873,886,900,913,927,941,955,970,984,999,1014,1029,1045,1059,1073,1087,1102,1117,1131,1146,1162,1177,1193,1214,1235,1257,1279,1301,1324,1347,1370,1394,1419,1442,1464,1488,1445,1403,1363,1324,1285,1248,1212,1247,1282,1319,1356,1617,1533,1587,1713,1757,1705,1609,1555,1684,1681,1753,1857,1804,1883,2013,1863,1863,1945,1731,1541,1372,1221,1259,1561,1669,1759,1912,1959,1976,2022,2178,2061,2247,2388,2471,2588,2707,2861,3065,3283,3356,3597,3852,3947,4115,4153,4394,4545,4839,5017,5170,5233,5615,5812,5891,6025,6150,6460,6487,6759,6689,6921,7127,7446,7399,7008,6375,6182,6154,6645,6771,6851,6893,6965,6984,6929,7035,7708,9240,11333,13157,14006,14583,16051,16120,15782,15431,14834,15152,14963,14693,14555,14377,15599,16834,15890,16578,17562,18235,18824,19320,19828,20344,20861,21376,21886,22391,22892,23394,23899,24410,24930,25460,26000,26553,27116,27692,28280,28880,29493,30119,30759,31412,32079,32760,33455
idn,Indonesia,257,255,255,254,253,251,249,246,244,241,239,236,233,231,228,212,230,227,222,223,220,223,223,223,212,218,231,233,229,222,219,216,216,224,231,223,219,230,229,225,235,234,234,229,222,209,202,199,207,199,193,198,191,198,190,199,213,204,217,218,218,220,205,206,204,209,213,220,213,210,216,216,221,217,214,222,220,223,230,229,277,293,281,275,295,295,290,291,288,285,275,280,288,294,295,293,291,291,289,300,307,299,290,302,303,304,309,313,309,321,337,349,350,363,359,360,358,355,362,391,376,372,378,381,396,399,417,439,449,454,454,418,395,392,391,394,411,452,441,437,471,482,456,364,291,257,265,302,336,341,359,371,373,387,404,410,409,430,408,419,430,450,440,414,421,417,408,390,419,461,499,516,561,629,645,631,670,705,720,741,786,822,775,788,824,826,859,885,919,965,1012,1077,1125,1244,1402,1577,1709,1723,1042,887,870,1058,1151,1254,1415,1545,1718,1982,2350,2583,3009,3503,4057,4180,3995,3809,3778,3848,3999,4127,3870,4006,4199,4396,4590,4787,4993,5202,5407,5602,5784,5953,6109,6257,6399,6540,6680,6823,6968,7116,7267,7421,7579,7740,7904,8072,8243,8418,8597,8779,8966
ind,India,486,486,484,481,479,477,474,472,470,467,465,463,460,458,456,454,452,450,447,445,443,441,441,442,442,442,443,443,443,444,444,445,445,445,445,444,444,444,444,444,444,444,444,445,445,445,445,445,445,446,446,446,443,441,438,436,433,431,429,426,424,422,419,417,414,412,410,407,405,402,400,401,402,403,404,405,405,407,407,408,410,410,411,412,413,425,411,429,432,419,438,397,428,438,444,433,400,473,473,435,449,456,491,495,494,482,493,461,464,525,523,518,517,505,532,518,533,523,455,518,476,509,526,504,523,524,535,529,529,546,545,533,532,525,523,510,523,507,501,505,514,518,509,524,513,498,466,464,463,468,464,467,472,493,504,507,526,510,537,538,565,564,559,570,596,555,544,570,567,587,598,584,564,572,560,590,579,605,618,567,588,606,605,635,639,644,650,657,702,710,687,618,579,538,561,589,627,642,648,684,660,661,670,725,799,899,984,1127,1211,1345,1451,1583,1677,1703,1721,1777,1867,1984,2093,2160,1920,2140,2267,2399,2537,2681,2833,2986,3137,3278,3407,3522,3626,3720,3808,3893,3977,4062,4149,4237,4327,4419,4513,4608,4706,4806,4908,5012,5119,5227,5338
irl,Ireland,1342,1344,1346,1347,1348,1349,1350,1351,1351,1351,1352,1353,1353,1352,1352,1351,1352,1351,1350,1350,1334,1353,1372,1391,1411,1431,1452,1472,1493,1514,1535,1558,1579,1602,1625,1648,1671,1695,1719,1743,1768,1793,1819,1845,1870,1657,1388,1576,1388,1352,1746,2064,2094,2123,2154,2185,2215,2247,2278,2311,2344,2377,2411,2445,2480,2515,2551,2587,2624,2661,2699,2726,2754,2782,2809,2838,2867,2896,2925,2954,2984,3015,3045,3076,3107,3139,3170,3202,3235,3267,3300,3334,3368,3402,3436,3471,3506,3542,3577,3614,3650,3687,3724,3762,3800,3839,3878,3917,3956,3996,4037,4078,4119,4160,4121,4081,4042,4004,3965,3927,3889,3852,3951,3916,3907,3912,3912,4034,4162,4294,4405,4519,4388,4258,4383,4511,4642,4496,4642,4642,4642,4642,4642,4642,4642,4591,4642,4702,4912,5177,5250,5389,5538,5698,5770,5960,5926,5952,5885,6141,6511,6906,7154,7493,7805,7964,8066,8557,9291,9873,10120,10444,11027,11441,11811,12353,12410,13336,14206,14500,14898,15302,15585,15539,16202,16754,16783,17675,18768,20214,22698,23185,24603,24547,25526,26955,29598,32350,33847,35294,36159,35323,36209,41686,49419,56440,59634,62556,61576,56048,53184,49029,46121,48739,51179,55929,57521,58075,61731,64433,65620,67756,70367,72285,73607,74858,76099,77381,78726,80148,81657,83253,84931,86681,88494,90359,92272,94229,96229,98272,100358,102489,104665,106887,109156,111473,113839,116257,118725,121245,123819
irn,Iran,681,681,681,681,681,681,681,680,680,680,680,680,680,680,680,680,680,680,680,680,680,680,682,683,684,685,686,688,689,690,691,692,694,695,696,697,698,700,700,702,703,705,706,707,708,709,711,712,713,714,715,717,718,719,721,721,723,724,725,727,728,729,730,731,733,734,736,737,738,740,741,746,750,756,760,766,771,776,781,787,792,797,803,808,814,819,824,830,835,841,847,853,858,864,870,876,882,887,893,899,905,911,917,923,930,936,942,949,955,962,968,975,981,987,1008,1029,1051,1073,1095,1118,1142,1165,1190,1215,1240,1266,1293,1319,1347,1375,1404,1433,1464,1494,1526,1557,1590,1623,1657,1692,1727,1763,1800,1837,1876,1916,1955,1996,2038,2081,2124,2067,2012,1961,1909,1857,1969,2182,2368,2499,2663,2838,2840,3097,3259,3591,3876,4231,4780,5301,5756,6353,7253,7732,8260,8492,9752,9420,8116,7222,6013,5640,6318,6934,6841,6805,5994,5773,5349,4607,4590,2091,2111,2099,2037,2055,2508,2804,2811,2707,2640,2629,2739,3066,3302,3748,4332,5290,6021,6679,7433,7995,8080,7834,7172,5964,6111,5908,4717,3709,2960,3005,3039,3071,3105,3138,3173,3209,3250,3297,3349,3408,3472,3541,3614,3689,3767,3847,3929,4012,4097,4184,4273,4364,4456,4551,4648,4746,4847,4950,5055
irq,Iraq,1279,1279,1278,1278,1278,1277,1277,1277,1275,1275,1275,1274,1274,1274,1274,1273,1273,1273,1272,1272,1272,1273,1275,1278,1280,1282,1284,1287,1289,1290,1293,1296,1298,1301,1302,1304,1307,1309,1311,1313,1316,1318,1321,1323,1324,1327,1330,1332,1335,1336,1338,1341,1343,1346,1348,1350,1352,1355,1357,1360,1362,1365,1366,1369,1371,1374,1376,1379,1381,1384,1386,1395,1404,1414,1423,1433,1443,1452,1462,1472,1482,1492,1502,1512,1522,1532,1543,1553,1563,1574,1584,1595,1606,1617,1627,1638,1650,1660,1671,1682,1694,1705,1716,1728,1740,1752,1763,1776,1787,1800,1811,1824,1836,1847,1875,1902,1929,1958,1986,2015,2044,2074,2105,2135,2166,2198,2229,2262,2295,2328,2362,2396,2431,2466,2502,2538,2575,2612,2650,2689,2728,2767,2808,2848,2890,2931,2974,3018,3061,3106,3151,3338,3598,4920,5691,5309,5520,5313,5760,5830,6320,6842,6970,6635,7197,7597,7738,7309,8328,8328,8024,8242,7677,8670,8838,9970,11605,11534,13154,15609,14733,11647,11167,9864,9556,9085,8685,8772,6718,6793,12776,124,85,67,99,207,611,1175,1453,2007,2400,2541,2069,1185,1795,1811,2266,2974,4301,4997,5447,5772,7150,7901,7448,6441,5933,5058,5248,5921,4680,4612,4692,4849,4936,4966,5000,5039,5086,5144,5215,5298,5394,5498,5609,5725,5846,5969,6096,6226,6358,6493,6631,6772,6915,7062,7212,7365,7521,7681,7844
isl,Iceland,707,707,708,708,708,708,708,708,708,709,709,709,709,709,709,709,710,710,710,710,710,717,725,733,740,749,757,765,774,783,791,800,808,817,826,835,843,854,863,872,882,891,901,911,921,931,940,951,962,972,983,994,1004,1016,1027,1037,1049,1061,1072,1083,1096,1107,1119,1132,1144,1157,1169,1182,1195,1208,1221,1243,1238,1295,1334,1328,1307,1335,1385,1466,1554,1557,1390,1337,1353,1382,1386,1364,1411,1471,1534,1571,1671,1780,1800,1761,1797,1785,1732,1730,1796,1875,1926,1926,1929,2061,2108,2188,2172,2147,2300,2398,2414,2524,2468,2421,2135,2089,1967,2277,1920,2110,2368,2239,2386,2381,2562,2813,2920,3086,3411,3358,3204,3532,3555,3423,3414,3541,3541,3934,4136,4687,5400,5689,6150,6535,6701,7278,7279,6996,6675,6347,6931,6980,7420,7931,8109,7917,8302,8407,8609,8437,9002,9746,10562,11137,11908,11592,10816,11012,11779,13204,13824,14565,15201,15123,15892,17180,18092,18805,19697,20326,20503,19823,20451,20984,22178,23931,23437,25852,27986,29833,31403,33806,36171,38123,40926,44616,46229,47286,47302,45091,45068,46982,55053,63975,66543,76668,60643,50282,43135,43769,46110,52628,53065,55462,61009,65651,70562,74287,62420,63697,64975,65547,66166,67775,69467,71186,72917,74651,76379,78104,79829,81564,83318,85096,86907,88754,90638,92562,94528,96534,98584,100677,102814,104997,107226,109503,111827,114201,116626
isr,Israel,1997,1998,1999,2001,2002,2003,2004,2005,2007,2008,2009,2011,2011,2013,2014,2015,2016,2018,2019,2021,2021,2023,2024,2025,2026,2028,2029,2031,2031,2033,2034,2036,2037,2038,2039,2041,2041,2043,2044,2046,2047,2048,2049,2051,2052,2053,2055,2056,2057,2058,2059,2061,2062,2063,2065,2066,2067,2068,2070,2070,2072,2073,2075,2076,2078,2078,2080,2081,2083,2084,2085,2088,2092,2095,2098,2101,2105,2107,2111,2114,2118,2121,2124,2128,2131,2134,2138,2141,2145,2148,2151,2155,2159,2162,2166,2169,2173,2176,2180,2183,2187,2190,2194,2198,2201,2205,2209,2213,2216,2220,2223,2227,2231,2235,2215,2196,2178,2161,2176,2190,2205,2221,2237,2218,2327,2365,2282,2334,2384,2470,2602,2710,2840,3037,3181,3121,2898,2774,2695,2663,2673,2788,2970,3017,3051,3090,3208,3272,3344,3419,3499,4113,3944,3789,4394,4819,5027,5198,5351,5861,6072,6503,6853,7272,7689,8148,8038,8076,9123,10013,10499,11284,12272,12482,12968,13122,13016,12740,13073,13570,14169,14643,14678,14924,14785,15020,15461,16289,16330,17922,19303,20473,21442,22966,24448,25638,27384,29702,29646,28745,29035,28362,27015,25993,26216,27226,27850,29785,31824,32913,35404,36961,36874,38854,40056,40203,40599,41387,43029,44368,42600,43925,44974,45846,46602,47247,47845,48475,49160,49919,50757,51678,52673,53730,54839,55988,57171,58382,59621,60887,62180,63499,64848,66224,67631,69066,70532,72029,73559,75121,76715
ita,Italy,2303,2274,2347,2413,2516,2435,2494,2501,2641,2656,2450,2369,2420,2487,2516,2406,2369,2391,2575,2553,2553,2509,2539,2560,2627,2589,2664,2619,2589,2583,2545,2634,2656,2671,2693,2766,2568,2501,2539,2516,2597,2649,2671,2539,2539,2560,2539,2479,2545,2531,2501,2501,2464,2413,2251,2274,2280,2464,2560,2479,2464,2450,2524,2575,2531,2664,2479,2501,2516,2583,2708,2693,2484,2473,2601,2612,2550,2565,2629,2637,2679,2758,2793,2818,2776,2818,2878,2952,2936,2846,2849,2888,2890,2935,2952,2977,3020,3025,3012,3046,3127,3177,3229,3259,3316,3383,3498,3560,3635,3665,3668,3707,3712,3886,3674,3489,3776,3789,3694,3546,3630,3506,3763,4069,4142,4388,4383,4267,4496,4683,4436,4347,4408,4324,4278,4473,4283,4674,4772,5026,4885,4758,4465,3765,3029,2712,3645,4308,4612,4970,5347,5708,6103,6505,6794,7139,7419,7815,8185,8632,9033,9805,10582,11341,11778,12041,12677,13593,14745,15602,15964,16275,16756,17836,18655,18266,19490,20110,20932,22217,23118,23361,23606,24008,24755,25599,26492,27488,28728,31505,33721,35969,39119,36299,34398,32930,34223,34935,35095,34205,32829,31093,30177,32543,37038,41067,42640,44479,45925,45489,45014,44106,41022,39840,38500,36627,35499,34161,35208,35533,32290,33664,34906,35476,35817,36133,36440,36779,37173,37642,38195,38831,39542,40314,41134,41990,42875,43783,44712,45660,46630,47620,48631,49664,50718,51795,52895,54018,55164,56335,57531
jam,Jamaica,452,452,452,452,452,452,452,452,452,452,452,452,452,452,452,452,452,452,452,452,452,448,444,440,436,433,429,426,422,419,415,412,408,405,401,398,394,391,388,384,381,378,375,372,369,365,362,360,356,354,350,350,350,349,349,348,348,347,347,347,346,345,345,345,344,344,343,343,342,342,342,342,343,344,345,345,346,347,348,349,349,350,351,351,352,352,353,354,355,355,356,358,360,362,363,365,367,369,370,373,374,376,377,379,380,382,383,384,386,388,389,391,392,394,397,400,404,407,411,414,418,421,425,428,432,436,440,444,447,451,455,459,462,466,495,525,557,590,626,626,626,625,625,741,835,942,1062,974,933,893,855,910,969,1089,1197,1302,1411,1590,1584,1637,1710,1755,1782,1819,1930,2057,2112,2161,2250,2402,2676,2664,2722,2935,2797,2772,2588,2523,2532,2473,2330,2376,2382,2445,2434,2331,2381,2578,2666,3078,3199,3055,2743,3094,3100,3648,3951,4339,4565,4853,4859,4759,4750,4794,4782,4812,5079,5352,5524,5201,5221,5342,5643,5615,5418,5220,5111,5177,5217,5350,4670,4733,4997,5209,5362,5474,5588,5704,5823,5945,6070,6197,6329,6462,6600,6739,6882,7028,7178,7330,7486,7645,7807,7973,8142,8315,8491,8672,8856,9044,9235
jor,Jordan,400,400,400,400,400,400,400,399,399,399,399,399,399,399,399,399,399,399,399,399,399,401,402,404,406,408,410,412,414,416,418,420,422,424,426,428,431,433,435,437,439,441,443,445,447,450,452,454,456,458,461,463,465,467,469,472,474,477,479,481,483,486,488,490,493,495,498,500,502,505,507,511,516,520,524,529,533,537,542,547,551,556,560,565,570,575,579,584,589,594,599,604,609,614,619,624,629,635,640,645,650,656,662,667,673,678,684,689,695,701,707,712,718,724,735,745,755,765,776,787,798,809,820,831,843,854,866,878,890,903,915,928,941,954,967,980,994,1008,1022,1036,1050,1065,1079,1094,1110,1125,1140,1156,1172,1188,1205,1228,1250,1273,1295,1177,1550,1525,1608,1657,1688,1955,1916,1946,2200,2360,2336,2288,2009,2093,1816,1802,1802,1835,1934,2002,2411,2488,2920,3091,3548,3581,3709,3655,3840,3846,4063,4049,3890,2841,2295,1925,2113,2152,2210,2262,2242,2272,2338,2380,2505,2556,2594,2648,2830,2963,3125,3382,3767,4060,4186,4213,4215,4292,4326,4387,4444,4447,4447,4494,4310,4350,4431,4538,4659,4783,4911,5040,5170,5298,5425,5551,5676,5800,5926,6053,6181,6313,6447,6584,6723,6866,7012,7161,7313,7468,7627,7789,7954,8123,8296
jpn,Japan,2295,2295,2293,2293,2293,2293,2293,2293,2293,2293,2293,2293,2293,2295,2295,2295,2295,2295,2295,2295,2295,2302,2310,2317,2325,2333,2340,2348,2357,2364,2372,2379,2387,2396,2404,2411,2419,2428,2436,2443,2452,2460,2469,2476,2484,2493,2501,2501,2501,2502,2502,2514,2525,2537,2549,2563,2575,2587,2599,2611,2623,2637,2649,2661,2675,2687,2701,2713,2726,2740,2752,2764,2776,2788,2801,2819,2837,2857,2875,2894,2914,2932,2952,2972,2991,3011,3191,3219,3002,3057,3229,3047,3208,3193,3512,3521,3317,3317,3890,3667,3699,3765,3506,3840,3796,3678,4058,4108,4106,4065,4036,4180,4215,4235,4108,4376,4929,5122,5180,5609,5182,5653,5651,5651,5777,5948,5851,5830,6192,6384,5809,5784,6148,6596,6543,6664,6943,7099,7416,8368,8506,8686,8603,8406,8390,6407,4829,4723,4977,4994,5335,5904,6487,6870,7170,7694,8187,8709,9133,9869,11069,12264,13208,14153,15605,16303,17835,19564,21791,24170,26401,27228,29047,30874,30027,30497,31303,32292,33611,35079,35704,36490,37267,37788,38932,40312,41136,42541,44884,49189,50274,50467,52034,56072,60105,66624,67615,62725,54395,52513,54305,53991,50678,48864,50244,51426,49724,47998,47039,46571,51650,54534,56059,54107,48519,43146,42021,41889,42799,42361,40360,41831,43063,43746,44254,44725,45177,45664,46214,46846,47572,48391,49294,50268,51296,52366,53471,54604,55762,56946,58155,59389,60650,61938,63253,64596,65967,67368,68798,70259,71750
kaz,Kazakhstan,297,297,297,298,298,299,299,299,300,300,300,301,301,302,302,302,303,303,303,304,304,306,308,310,312,314,316,318,320,322,324,326,328,330,333,335,337,339,341,344,346,348,350,353,355,357,360,362,364,367,369,371,374,376,379,381,384,386,388,391,393,396,399,401,404,406,409,412,415,417,420,423,425,428,431,434,436,439,442,445,448,451,454,457,459,463,445,520,500,465,463,425,465,527,599,554,611,601,617,655,641,657,714,665,735,651,622,598,653,678,724,669,723,759,725,746,664,583,357,308,309,283,329,379,481,602,677,705,743,752,787,795,783,814,889,1018,1088,1180,1177,1226,1176,1156,1135,1115,1095,1075,1056,1175,1328,1452,1575,1557,1630,1674,1728,1844,1987,1994,2109,2050,2207,2291,2315,2228,2471,2568,2650,2726,2844,2844,3020,3055,3028,3235,3224,3212,3201,3190,3179,3168,3156,3077,3000,3109,3059,3055,3062,3011,3238,3210,3138,2776,2630,2404,2160,2039,2101,2178,2195,2007,1905,1998,2229,2523,3013,3710,4806,6170,7402,8156,8848,9636,11264,13269,13330,12638,9744,8764,8404,8988,8710,8874,9113,9428,9634,9848,10154,10464,10771,11072,11363,11644,11918,12187,12454,12722,12994,13270,13552,13840,14134,14434,14740,15053,15373,15699,16032,16373,16721,17076,17438
ken,Kenya,233,233,234,235,235,236,237,237,238,239,240,240,241,242,243,244,244,245,246,247,247,248,249,250,251,251,252,253,254,255,255,256,257,258,258,259,260,261,262,263,263,264,265,266,267,268,268,269,270,271,272,273,274,274,275,276,277,278,279,280,281,281,282,283,284,285,286,287,288,288,289,290,291,292,293,294,295,296,297,298,298,300,300,302,302,303,304,305,306,307,308,309,310,311,312,313,314,315,316,317,318,321,323,326,329,332,334,337,340,343,346,349,352,355,358,361,364,367,370,373,377,378,379,380,381,382,384,385,386,387,388,389,390,391,392,394,394,396,397,397,398,399,401,401,402,403,404,405,406,406,407,483,418,396,430,450,461,462,454,451,454,425,429,432,455,443,481,486,502,514,533,548,556,565,573,552,556,587,620,623,638,634,654,641,636,649,681,709,738,728,669,618,562,454,429,430,533,611,679,669,615,588,554,557,590,646,722,867,993,985,1094,1164,1190,1244,1357,1444,1622,1646,1749,1865,1840,1935,2001,2077,2156,2238,2324,2412,2497,2580,2657,2730,2799,2865,2929,2993,3057,3122,3189,3256,3325,3396,3468,3542,3617,3694,3772,3852,3934,4017,4103
kgz,Kyrgyz Republic,126,126,126,126,126,126,127,127,127,127,127,127,127,127,127,127,127,127,127,127,127,128,129,130,131,132,134,135,136,137,138,140,141,142,143,145,146,147,149,150,151,153,154,155,157,158,159,161,162,164,165,167,168,169,171,173,174,175,177,179,180,182,183,185,187,188,190,192,193,195,197,198,200,202,204,205,207,209,211,213,215,217,219,220,222,224,226,228,230,232,234,236,238,241,243,245,247,249,251,254,256,258,260,263,265,267,270,272,274,277,279,282,284,287,292,297,303,308,314,320,326,332,338,345,351,358,365,371,379,386,393,400,408,415,424,432,439,448,456,465,474,482,491,501,523,547,571,596,622,649,677,707,738,770,803,837,873,909,947,987,1028,1053,1079,1105,1131,1158,1185,1212,1239,1266,1294,1321,1349,1377,1363,1349,1335,1321,1307,1293,1279,1255,1231,1277,1257,1176,1123,1078,1157,1155,1148,1040,886,757,610,574,611,611,569,467,420,411,423,474,524,570,622,756,921,1033,1011,1024,1179,1334,1379,1310,1233,1210,1270,1264,1160,1204,1233,1260,1285,1311,1336,1361,1388,1416,1444,1474,1504,1536,1568,1602,1636,1670,1706,1742,1779,1817,1855,1895,1935,1976,2018,2061,2104,2149,2195
khm,Cambodia,103,103,103,103,103,103,103,103,104,104,104,104,104,104,104,104,104,104,104,104,104,104,104,104,104,104,105,105,105,105,105,105,106,106,106,106,106,106,107,107,107,107,107,107,108,108,108,108,108,108,109,109,109,109,109,109,109,109,110,110,110,110,110,111,111,111,111,111,111,111,112,112,112,112,112,113,113,113,113,113,113,114,114,114,114,114,114,115,115,115,115,115,116,116,116,116,116,116,116,116,117,117,117,117,117,118,118,118,118,118,118,119,119,119,119,119,120,120,120,120,120,123,126,129,132,135,138,141,144,147,150,153,156,159,162,165,168,172,175,178,181,184,187,190,193,197,200,203,206,209,212,214,222,219,239,229,252,262,268,287,296,285,300,314,297,303,309,316,322,319,285,271,255,343,290,256,284,316,357,367,365,360,376,391,409,426,437,412,408,403,389,394,395,383,392,398,502,501,458,467,450,455,466,488,524,583,647,731,812,841,892,943,997,1087,1126,1177,1267,1341,1437,1559,1500,1547,1623,1708,1803,1905,2014,2124,2233,2335,2427,2510,2585,2652,2715,2775,2836,2896,2958,3021,3085,3150,3217,3286,3355,3427,3499,3574,3649,3727,3806
kir,Kiribati,298,298,298,298,299,299,299,299,300,300,301,301,301,301,301,301,302,302,302,302,303,303,303,303,304,304,305,305,305,305,306,306,306,306,307,307,307,307,308,308,308,308,309,309,310,310,310,310,311,311,311,311,312,312,312,312,313,313,313,313,314,314,315,315,315,315,315,315,316,316,316,317,317,317,317,318,318,319,319,319,319,320,320,320,320,321,321,321,321,322,322,322,322,323,324,324,324,324,325,325,325,325,326,326,326,326,327,327,328,328,328,329,329,329,338,348,358,368,379,390,401,415,429,444,459,475,492,509,526,544,563,582,602,623,644,666,688,713,737,761,787,815,842,871,900,930,962,994,1028,1062,1099,1135,1174,1213,1254,1296,1339,1385,1431,1478,1528,1577,1629,1681,1736,1792,1850,1910,1972,2035,2101,2015,2222,2646,3786,3921,2819,2635,2606,2255,1225,1156,1244,1096,1153,1072,1060,1001,1153,1220,1301,1695,1755,1715,1731,1832,1709,2099,2322,2022,1995,1968,1821,1826,1939,2153,2129,2255,2338,2282,2438,2432,2969,3340,3553,3854,3244,3292,3228,3495,2960,2964,2988,3007,3019,3029,3041,3056,3077,3106,3145,3192,3248,3309,3375,3445,3517,3591,3667,3746,3825,3907,3989,4073,4160,4249,4338,4431,4525,4620,4719
kna,St. Kitts and Nevis,766,767,767,767,767,767,768,768,768,768,768,768,768,768,768,768,768,768,769,769,769,774,779,785,790,795,801,805,812,816,822,828,833,839,844,851,856,862,868,874,879,885,892,898,904,909,915,922,928,935,941,947,954,960,967,972,979,986,993,999,1006,1013,1020,1027,1034,1041,1048,1055,1062,1070,1077,1084,1091,1098,1105,1114,1121,1128,1136,1144,1152,1159,1167,1175,1183,1191,1199,1207,1215,1223,1231,1240,1248,1257,1265,1273,1283,1291,1300,1309,1317,1326,1335,1344,1353,1362,1371,1381,1390,1400,1409,1419,1428,1438,1455,1473,1490,1509,1527,1546,1565,1583,1602,1622,1640,1661,1681,1701,1721,1742,1763,1784,1805,1827,1849,1871,1894,1916,1939,1962,1985,1994,2003,2011,2020,2028,2037,2045,2053,2060,2068,2076,2084,2091,2098,2105,2113,2119,2126,2133,2139,2165,2190,2216,2241,2266,2292,2317,2343,2369,2393,2585,2735,2862,3037,3139,3359,3606,3788,4123,4521,4643,4720,4830,5322,5855,6586,7131,7907,8486,9433,9288,9729,10407,11065,11646,12056,12658,12367,12879,13678,13865,13653,12920,13613,14740,15487,16169,17989,17562,17470,17980,17531,18615,18196,18225,20566,20536,20608,21562,19080,18509,20155,21546,22511,22881,23259,23651,24062,24497,24957,25446,25958,26493,27047,27617,28201,28800,29411,30036,30673,31325,31990,32669,33363,34071,34794,35532,36287,37058,37844
kor,South Korea,681,681,681,681,681,681,681,681,681,681,681,681,681,681,681,681,681,681,681,681,681,681,681,682,682,682,682,682,682,682,682,682,682,682,682,682,682,682,682,682,682,682,683,683,683,683,683,683,683,683,683,684,684,684,684,684,684,684,684,684,684,685,685,685,685,685,685,685,685,685,685,690,695,700,706,711,716,721,726,732,737,743,748,754,759,765,770,776,781,787,793,799,804,811,817,823,828,835,841,847,853,860,866,872,879,885,892,898,905,911,918,925,910,978,1048,1053,1098,1141,1191,1138,1193,1231,1247,1258,1188,1228,1277,1346,1247,1249,1367,1353,1353,1382,1398,1470,1414,1675,1616,1345,1650,1760,1374,1408,1149,937,765,783,918,993,833,828,867,1099,1146,1178,1154,1225,1268,1299,1292,1332,1334,1408,1491,1546,1677,1775,1949,2167,2315,2489,2599,2910,3107,3272,3614,3964,4292,4557,4376,4581,4845,5363,5803,6141,6707,7408,8141,9798,11656,13367,14159,15149,16638,18831,20882,21227,16315,16224,16542,17552,18724,19219,21225,23452,25895,29042,28904,26474,26509,27453,29078,30236,31073,31896,32588,33027,34083,34504,32960,34115,35051,35931,36770,37596,38448,39316,40198,41091,41993,42907,43832,44770,45726,46699,47691,48704,49737,50793,51872,52973,54098,55247,56419,57617,58840,60090,61365,62668,63998
kwt,Kuwait,629,631,634,637,639,641,643,646,648,651,653,656,659,661,663,666,668,670,674,676,678,681,683,686,688,691,694,696,699,701,704,706,709,712,715,718,720,723,725,728,731,734,737,739,742,744,747,750,753,756,759,762,764,767,771,773,776,779,782,784,787,791,794,797,800,802,805,808,812,815,818,830,841,854,866,879,892,905,918,932,945,959,973,987,1001,1016,1031,1045,1061,1077,1092,1108,1124,1141,1157,1174,1191,1209,1226,1244,1262,1301,1340,1381,1422,1464,1507,1551,1595,1642,1689,1736,1785,1835,1810,1784,1758,1733,1707,1741,1774,1807,1810,1814,1817,1821,1823,1826,1828,1695,1573,1458,1352,1254,1278,1303,1328,1353,1378,1405,1432,1457,1485,1512,1540,1581,1624,2125,2782,3642,4766,6236,8158,10673,12009,13513,15202,17100,19232,21627,24318,27354,30767,34601,38907,43745,49055,55004,61668,69131,77488,77123,74931,65689,53682,44217,44240,39938,40303,43243,32916,25311,21270,21892,21934,19940,20449,20844,17817,21752,15985,9701,18787,27038,31293,32691,32718,33650,31083,26241,26965,27407,27583,31498,37353,44600,52662,58951,62642,54054,50532,50961,56308,59464,56276,46444,39254,34226,34812,36980,33050,32366,32503,32391,32281,32176,32073,32018,32051,32201,32479,32883,33395,33995,34659,35368,36107,36870,37652,38451,39267,40101,40952,41822,42710,43616,44543,45488,46453,47440,48447
lao,Lao,257,257,257,257,257,257,257,257,258,258,258,258,258,258,258,258,258,258,258,258,258,259,259,260,260,261,262,263,263,264,264,265,265,266,267,268,268,269,269,270,271,272,272,273,273,274,275,275,276,277,277,278,279,279,280,280,281,282,283,283,284,285,285,286,287,287,288,289,289,290,291,292,292,293,293,294,295,296,296,297,298,299,299,300,301,301,302,303,303,304,305,306,306,307,308,309,309,310,311,312,312,313,314,315,315,316,317,318,318,319,320,321,321,322,323,324,325,325,326,327,328,324,319,315,312,308,304,300,296,292,288,284,280,276,272,269,265,261,257,254,250,246,242,239,235,231,228,224,220,217,214,216,219,221,224,226,228,230,232,234,236,240,243,247,251,254,258,262,266,270,274,283,288,308,314,329,339,330,332,325,356,407,428,439,462,477,489,471,450,382,343,371,426,471,511,558,596,580,490,451,420,455,466,474,511,583,635,768,909,1069,1189,1327,1552,1804,2019,2199,2367,2463,2583,2588,2520,2599,2707,2823,2945,3079,3217,3357,3494,3624,3746,3857,3960,4057,4149,4241,4332,4424,4518,4614,4712,4812,4914,5019,5125,5234,5345,5459,5575,5693,5814
lbn,Lebanon,384,384,385,385,386,386,386,386,387,387,388,388,388,388,389,389,389,390,390,391,391,393,396,399,402,404,407,409,412,415,418,421,423,426,429,432,435,438,441,444,447,450,453,456,459,462,465,468,471,474,478,481,484,487,491,494,497,500,504,507,511,514,517,521,524,528,531,535,538,542,546,551,557,562,568,573,579,585,591,596,602,608,614,620,626,633,639,645,652,658,664,671,678,684,691,698,705,712,719,726,733,740,748,755,763,770,778,785,793,801,809,817,825,833,845,857,869,881,893,906,919,932,945,958,971,985,999,1013,1027,1042,1056,1071,1086,1101,1117,1132,1148,1164,1181,1197,1214,1231,1248,1266,1284,1302,1320,1339,1357,1377,1396,1856,1920,2151,2404,2527,2402,2379,1986,2097,2095,2173,2195,2153,2219,2369,2455,2269,2479,2460,2554,2716,2966,3027,3022,2070,880,1592,1520,1635,1661,1640,1018,1226,1740,2125,1947,2236,1581,897,2367,3002,3271,3732,4304,5034,5832,6266,6713,6984,6899,6551,6120,5282,6197,6192,6051,6703,7341,8252,8884,8798,8567,8562,8331,8107,8055,8164,8070,7561,5370,4907,4720,4525,4369,4210,4052,3914,3807,3736,3701,3702,3730,3780,3845,3919,3999,4083,4170,4258,4349,4441,4535,4631,4730,4830,4933,5037,5144,5253,5365
lbr,Liberia,190,190,190,190,190,190,190,190,190,190,190,190,190,190,190,190,190,190,190,190,190,191,192,192,192,193,194,194,195,195,196,196,197,197,198,198,199,200,200,200,201,202,202,202,203,204,204,205,205,206,206,207,208,208,209,209,210,210,211,211,212,213,213,214,214,215,215,216,217,217,218,218,219,220,220,221,221,222,223,223,224,224,225,226,226,227,227,228,228,229,230,230,231,232,232,233,234,234,235,236,236,237,237,238,239,239,240,240,241,242,242,243,244,244,245,246,246,247,248,248,249,247,245,244,242,240,238,236,237,237,238,238,239,239,239,245,250,255,260,266,271,276,281,286,290,295,300,305,309,314,318,334,341,351,367,375,385,395,402,420,428,432,431,436,451,458,479,496,505,526,545,558,563,569,573,535,546,536,551,560,508,471,463,432,418,403,396,405,420,437,217,199,139,100,82,81,90,183,234,281,362,359,364,251,275,317,361,409,472,517,547,605,646,728,717,722,711,698,656,622,570,576,589,602,621,640,660,681,701,721,740,758,776,794,811,829,846,864,883,902,921,940,960,981,1001,1023,1044,1067,1089,1112,1136
lby,Libya,560,560,560,560,560,561,561,561,561,561,561,561,561,561,561,561,561,561,562,562,562,569,576,583,590,597,605,612,620,628,635,643,651,659,667,675,683,692,701,709,718,727,736,745,754,763,773,782,792,801,812,821,831,842,852,863,873,884,895,906,917,928,940,951,963,976,987,999,1012,1024,1037,1050,1062,1076,1089,1103,1116,1130,1144,1158,1172,1179,1187,1194,1201,1209,1216,1223,1231,1239,1246,1252,1260,1268,1274,1282,1289,1296,1304,1311,1318,1325,1332,1339,1346,1354,1361,1368,1374,1382,1388,1395,1402,1409,1416,1422,1429,1435,1442,1448,1455,1461,1467,1472,1478,1483,1489,1494,1500,1505,1510,1515,1520,1525,1530,1535,1539,1544,1547,1552,1556,1560,1564,1567,1570,1574,1577,1580,1583,1586,1588,1713,1784,1758,1585,1794,1956,1812,1757,1654,1836,1706,1879,2051,2259,2135,2425,2598,3333,3590,3688,3424,3620,3549,4163,4205,5068,5495,5617,5941,5807,4562,4565,4340,4023,4367,3906,3294,3495,3698,3786,4661,4831,4958,5391,5669,6278,7098,7292,7829,7993,7729,7533,7192,6734,8687,10707,12885,14779,14523,14723,5458,13088,12047,8397,6319,5055,5897,7081,7867,4960,11343,11842,12296,12264,12679,13079,13484,13886,14278,14657,15023,15378,15726,16071,16418,16768,17125,17489,17860,18239,18627,19022,19426,19838,20260,20690,21129,21577,22036,22504
lca,St. Lucia,563,564,564,564,564,564,564,564,564,564,564,564,564,564,564,564,564,565,565,565,565,567,569,571,573,575,576,578,580,582,584,586,588,590,591,594,595,597,599,601,604,606,608,610,612,613,616,617,619,622,624,626,628,629,632,634,636,638,640,643,644,646,649,651,653,655,657,659,662,664,666,668,670,673,675,677,679,682,684,687,688,691,693,695,697,700,702,704,706,709,711,714,716,719,721,723,726,727,730,733,736,737,740,742,745,747,749,752,755,757,760,762,764,767,770,772,775,777,780,782,785,789,792,796,800,803,806,809,812,814,816,819,820,823,824,825,827,827,827,828,828,828,828,827,827,825,824,823,821,819,816,831,854,879,904,928,950,981,1024,1076,1121,1195,1268,1343,1420,1496,1571,1651,1740,1835,1926,2028,2089,2127,2260,2380,2823,3095,3335,3457,3270,3377,3500,3711,3983,4297,5041,5212,5998,6501,6741,6798,7497,7431,7437,7408,7603,7457,7787,8011,7874,7329,7300,7484,7861,7889,9038,9292,9800,9634,9716,10264,10029,9851,9755,9706,10477,10965,11163,11158,8560,8774,9656,9906,10080,10200,10283,10375,10482,10611,10765,10942,11141,11359,11589,11831,12079,12336,12597,12865,13138,13416,13702,13992,14289,14593,14903,15219,15542,15872,16209
lie,Liechtenstein,,,,,,,,,,,,,,,,,,,,,,,,,,,,,,,,,,,,,,,,,,,,,,,,,,,,,,,,,,,,,,,,,,,,,,,,,,,,,,,,,,,,,,,,,,,,,,,,,,,,,,,,,,,,,,,,,,,,,,,,,,,,,,,,,,,,,,,,,,,,,,,,,,,,,,,,,,,,,,,,,,,,,,,,,,,,,,,,,,,,,,,,,,,,,74729,79437,82170,83999,92602,95296,102253,111597,123174,125561,122657,122353,118284,100257,94785,95400,103109,117401,129538,139001,147671,139868,,,,,,,,,,,,,,,,,,,,,,,,,,,,,,,,,,,,,,,,,
lka,Sri Lanka,227,227,227,227,227,227,227,227,227,227,227,227,227,227,227,227,227,227,227,227,227,227,227,227,228,228,228,228,228,229,229,229,229,230,230,230,230,230,230,231,231,231,231,231,232,232,232,232,232,232,233,237,242,248,253,258,263,269,274,280,286,292,298,304,310,317,323,330,337,344,351,341,324,325,320,322,326,327,296,318,343,366,386,388,374,347,334,390,380,372,431,428,434,434,430,448,449,464,482,509,532,492,485,505,501,486,491,509,504,476,498,479,477,509,499,469,484,502,457,481,450,437,448,440,465,490,522,520,519,551,522,496,471,474,520,488,485,515,505,489,516,527,546,530,476,460,433,443,478,495,517,533,542,536,535,552,541,535,537,530,534,528,530,526,535,536,516,548,573,580,592,573,572,581,589,590,595,620,644,670,691,719,739,763,787,806,831,823,829,801,831,865,937,1009,1055,1099,1160,1253,1295,1307,1305,1219,1224,1310,1389,1532,1693,1920,2168,2414,2866,3317,3808,3911,4017,4176,4233,4218,4207,4086,3720,3846,3979,4117,4262,4412,4567,4724,4879,5029,5172,5308,5438,5563,5687,5810,5935,6061,6190,6321,6456,6592,6732,6875,7021,7171,7322,7478,7637,7799,7964
lso,Lesotho,304,304,304,304,304,304,304,305,305,305,305,306,306,306,306,306,307,307,307,307,307,307,307,307,307,308,308,308,308,309,309,309,309,309,310,310,310,310,310,310,310,310,310,311,311,311,311,312,312,312,312,313,313,313,313,313,314,314,314,314,314,314,314,314,314,315,315,315,315,316,316,316,316,317,317,317,317,317,317,317,317,317,318,318,318,318,319,319,319,319,319,320,320,320,320,321,321,321,321,321,321,321,321,321,322,322,322,322,323,323,323,323,324,324,324,324,324,324,324,324,324,325,325,326,326,327,327,327,328,328,328,329,329,330,330,331,331,331,331,332,332,333,333,334,334,334,334,335,335,336,336,350,355,364,378,385,392,401,409,414,437,433,491,536,570,568,567,615,600,595,595,528,614,756,782,700,792,906,1053,911,862,847,853,760,761,812,809,832,901,947,994,1024,1107,1110,1121,1099,1097,1081,979,949,870,940,860,934,1061,1292,1407,1611,1563,1429,1510,1583,1700,1636,1490,1455,1411,1297,1281,1315,1100,1124,1158,1190,1197,1203,1227,1251,1275,1301,1327,1355,1383,1412,1441,1472,1503,1535,1568,1601,1635,1670,1705,1741,1779,1816,1855,1894,1934,1976,2018
ltu,Lithuania,469,469,470,470,471,471,472,472,473,474,474,475,475,476,476,477,478,478,479,479,480,483,486,489,492,496,499,502,505,509,512,515,519,522,525,529,532,535,539,543,546,550,553,557,560,564,568,571,575,579,583,586,590,594,598,601,606,610,613,617,621,625,629,634,638,642,646,650,654,659,663,667,672,676,680,685,689,693,698,703,707,712,716,721,725,730,702,821,790,735,732,670,734,832,946,876,965,949,974,1034,1012,1037,1127,1050,1160,1027,982,944,1031,1070,1142,1056,1141,1198,1145,1178,1048,920,736,678,881,1013,1165,1246,1267,1326,1362,1456,1541,1547,1517,1469,1451,1537,1700,1759,1864,1957,2041,1937,1830,1795,1761,1728,1688,1649,1610,1781,2002,2177,2347,2306,2402,2453,2517,2671,2862,2855,3001,2901,3104,3222,3252,3128,3473,3613,3748,3875,4063,4083,4358,4431,4413,4739,4792,4845,4899,4953,5008,5064,5120,5323,5530,5577,5629,5441,5617,5705,6148,6105,5758,5440,4301,3634,3312,3523,3733,4073,4517,4635,4814,5067,5566,6550,7874,9573,10956,13133,15361,14967,14949,15501,15978,17191,17733,16859,16544,16644,18172,19412,19620,20242,20893,21534,22122,22707,23219,23741,24271,24808,25352,25903,26460,27027,27603,28191,28790,29401,30025,30663,31314,31978,32657,33351,34059,34782,35520,36274,37044,37831,38634
lux,Luxembourg,1260,1260,1260,1260,1261,1261,1261,1261,1261,1261,1261,1261,1261,1261,1262,1262,1262,1262,1263,1263,1263,1278,1293,1309,1324,1340,1356,1372,1388,1405,1422,1438,1455,1473,1490,1508,1526,1544,1562,1581,1600,1618,1638,1658,1677,1697,1717,1738,1758,1779,1800,1822,1844,1865,1888,1910,1933,1955,1978,2003,2027,2050,2075,2099,2124,2150,2175,2201,2227,2254,2281,2307,2335,2363,2391,2419,2448,2477,2506,2536,2567,2597,2628,2659,2690,2723,2755,2788,2821,2855,2889,2923,2958,2993,3028,3064,3100,3138,3175,3214,3251,3289,3328,3369,3408,3449,3490,3531,3573,3615,3659,3702,3746,3790,3941,4096,4257,4424,4598,4780,4967,5129,5295,5466,5642,5822,6006,6196,6391,6590,6794,7003,7218,7437,7661,7891,8125,8365,8610,8860,9115,9375,9640,9910,10185,10464,10748,11038,11331,11628,11929,11000,11736,11820,11804,12321,12790,13340,13458,13716,14151,14874,15188,15858,17219,17677,18084,18392,19452,21627,22262,23022,24644,26830,28042,26321,27269,28066,29601,30664,31257,31942,32227,33636,36174,37646,40900,42107,46595,51975,56617,62103,66431,67336,68152,72901,76127,77326,73206,72360,68463,66020,61781,64013,81872,92531,88766,106131,103975,84601,92061,91983,99596,95393,95681,81605,81853,82524,82725,78505,80860,82602,83980,84927,85595,86099,86606,87196,87941,88893,90077,91491,93109,94895,96807,98815,100894,103029,105214,107448,109729,112058,114438,116867,119348,121882,124469,127112,129810,132566,135381
lva,Latvia,329,329,330,330,330,331,331,331,332,333,333,333,334,334,334,335,335,335,336,337,337,339,341,344,346,348,350,353,355,357,359,362,364,366,369,371,374,376,378,381,383,386,388,391,393,396,398,401,404,406,409,411,414,417,420,422,425,428,431,433,436,439,442,445,448,450,453,456,460,462,465,468,471,474,478,480,483,487,490,493,496,499,503,506,509,512,493,576,554,516,514,470,515,584,664,615,677,666,684,725,710,728,791,737,815,721,689,662,724,751,802,741,801,841,803,827,735,646,517,475,618,711,818,876,891,934,960,1027,1088,1092,1072,1038,1026,1088,1204,1247,1322,1388,1449,1376,1301,1277,1254,1231,1225,1219,1213,1367,1566,1734,1904,1906,2022,2102,2197,2374,2589,2630,2814,2769,3016,3181,3265,3192,3610,3826,4021,4210,4472,4553,4922,5070,5114,5563,5629,5696,5763,5832,5901,5971,6042,6134,6220,6291,6415,6226,6331,6243,6456,6786,6837,5949,4057,3632,3740,3736,3875,4261,4533,4651,4979,5288,5741,6509,7638,9358,11117,13914,16390,16961,15044,14826,15638,16642,16916,16770,16433,16186,17214,18128,17880,18610,19616,20420,21124,21835,22539,23250,23955,24642,25304,25942,26558,27161,27759,28358,28964,29580,30209,30850,31505,32174,32857,33555,34267,34994,35737,36496,37271,38062,38870
mar,Morocco,405,405,406,406,406,406,406,406,406,406,406,406,405,404,404,403,402,402,401,400,400,402,404,407,409,411,413,415,418,420,422,424,427,429,432,434,436,438,441,443,446,448,450,453,455,458,460,463,465,468,470,473,475,478,480,483,486,488,491,494,497,499,502,504,507,510,513,515,518,521,524,527,530,533,535,538,541,544,547,550,553,556,559,562,565,568,571,574,577,580,584,587,590,593,597,600,603,606,609,613,616,619,623,626,630,633,637,640,643,647,650,654,658,661,674,687,701,714,728,743,757,772,787,802,818,834,850,867,884,901,919,937,956,974,993,1012,1032,1053,1073,1094,1116,1137,1160,1183,1205,1229,1253,1278,1303,1328,1354,1357,1359,1366,1374,1381,1351,1322,1293,1264,1237,1240,1244,1248,1252,1255,1284,1315,1345,1376,1406,1438,1431,1443,1481,1537,1660,1696,1699,1730,1839,1742,1862,1789,1801,1849,1928,1823,1945,2021,2096,2190,2164,2068,2226,2071,2367,2287,2306,2193,2085,2056,1996,2146,2398,2621,2789,2949,3271,3459,3485,3491,3377,3463,3377,3354,3200,3139,3218,3261,2980,3083,3172,3258,3345,3435,3523,3613,3703,3794,3883,3972,4060,4149,4239,4329,4421,4515,4611,4709,4809,4911,5016,5122,5231,5342,5455,5571,5689,5810,5933
mda,Moldova,125,125,125,125,125,125,125,125,125,125,125,125,125,125,125,125,125,126,126,126,126,126,127,127,128,129,129,130,131,132,133,133,134,135,135,136,137,138,138,139,140,140,141,142,143,144,144,145,146,147,148,148,149,150,151,152,152,153,154,155,156,157,157,158,159,160,161,162,163,164,164,165,166,167,168,169,170,171,172,173,174,174,176,177,177,178,171,200,192,179,178,163,178,201,229,212,233,229,235,249,243,249,271,252,278,246,235,225,246,255,272,251,271,285,271,279,248,217,133,115,115,105,122,140,177,221,248,258,271,274,286,288,283,294,320,365,390,422,420,436,418,409,401,393,390,388,385,432,494,545,597,596,631,654,681,734,798,808,863,846,918,969,995,972,1104,1173,1255,1338,1446,1498,1647,1725,1769,1956,1996,2037,2078,2120,2162,2205,2248,2388,2537,2654,2716,2454,2622,2626,2620,2798,2702,2207,1554,1523,1046,1026,967,987,916,793,735,734,860,990,1192,1418,1594,1784,2265,2342,2830,3177,3558,4057,4127,3665,3533,3630,4082,4667,4560,4852,5137,5450,5782,6134,6507,6888,7260,7610,7927,8209,8458,8683,8891,9091,9289,9488,9690,9895,10105,10320,10539,10763,10991,11225,11463,11706,11955,12208,12468
mdg,Madagascar,219,219,219,219,219,219,219,219,219,219,219,219,219,219,219,219,219,219,219,219,219,220,221,223,224,225,226,227,228,229,230,231,232,233,235,236,237,238,239,240,242,243,244,245,246,247,249,250,251,252,253,255,256,257,258,259,261,262,263,265,266,267,269,270,271,272,274,275,276,278,279,281,282,283,285,286,287,288,290,292,293,294,296,297,298,300,301,303,304,306,307,309,310,312,313,315,316,318,320,321,323,324,326,327,329,330,332,334,335,337,339,340,342,343,350,357,365,372,379,387,394,400,406,412,417,423,429,435,441,448,454,460,467,473,479,486,492,499,506,513,520,527,534,541,549,556,564,572,579,587,595,608,621,633,646,658,671,683,696,708,704,711,720,705,724,712,718,748,789,808,838,859,836,802,805,802,763,768,734,791,781,699,672,664,626,626,617,617,612,546,560,494,494,488,478,446,470,470,474,436,435,441,408,474,445,431,411,471,545,565,559,559,567,583,574,544,522,512,521,530,470,473,485,498,512,525,538,552,566,579,593,607,620,633,647,661,675,689,704,719,734,750,766,782,799,816,833,850,868,887,906
mdv,Maldives,217,218,218,218,218,218,218,218,218,218,218,218,218,218,218,218,218,218,218,218,218,218,218,218,218,218,218,218,218,218,218,218,218,218,218,218,218,218,218,218,218,218,218,218,218,218,218,218,218,218,217,217,217,217,217,217,217,217,217,217,217,217,217,217,217,217,217,217,217,217,217,217,217,217,217,217,217,217,217,217,217,217,217,217,217,217,217,217,217,217,217,217,217,217,217,217,217,216,216,216,216,220,223,226,229,233,236,239,242,245,249,252,255,258,262,265,268,271,275,278,281,285,288,292,295,299,303,306,310,313,317,321,325,329,332,336,340,344,347,351,355,360,365,371,377,382,388,393,399,405,411,426,441,457,473,490,508,526,545,564,584,602,619,637,655,674,692,711,730,748,768,782,773,757,772,686,669,721,802,860,986,1062,991,1108,1353,1472,1551,1629,1710,1806,2033,2121,2187,2256,2342,2448,2589,2757,2938,3080,3104,3290,3818,4739,4939,4381,5652,5551,6566,6559,7088,7669,7513,7621,8077,8496,8966,9374,9591,9823,6490,7588,8461,9372,9801,10176,10558,10944,11324,11689,12036,12362,12671,12968,13258,13546,13836,14131,14432,14738,15051,15370,15697,16030,16370,16717,17072,17435,17805,18183,18569
mex,Mexico,404,402,395,392,384,379,372,363,354,344,332,324,322,321,320,318,317,316,315,313,312,313,313,314,314,314,315,315,316,316,317,317,318,318,319,319,320,320,321,321,322,322,323,323,324,324,325,325,326,326,327,322,318,314,310,305,301,297,293,289,285,289,293,297,300,304,308,312,316,320,324,331,338,344,352,359,366,373,381,389,397,405,413,422,430,439,448,457,467,476,486,497,508,520,532,544,553,582,607,569,565,606,557,613,617,675,660,692,683,695,694,666,660,621,622,613,660,688,715,743,791,788,794,808,782,818,854,803,795,751,692,703,586,642,674,712,757,769,768,796,793,848,873,881,929,932,968,974,988,1015,1088,1138,1148,1116,1193,1258,1306,1364,1395,1393,1463,1507,1547,1640,1800,1880,1971,2053,2176,2266,2374,2412,2558,2705,2806,2910,2982,3028,3249,3513,3783,4053,3975,3782,3864,3902,3735,3757,3764,4316,5042,5739,6423,7549,8756,7631,7243,7300,7897,8571,9313,9899,10345,10258,10245,10194,10819,11461,11848,10595,10751,10835,11389,11509,11586,11283,10433,9723,9560,9650,8480,8823,9008,9122,9231,9342,9459,9582,9716,9864,10030,10211,10407,10615,10834,11062,11295,11534,11779,12029,12285,12546,12812,13084,13362,13645,13935,14231,14533,14842,15156
mhl,Marshall Islands,714,714,716,716,716,717,717,717,718,718,718,719,719,719,720,720,720,722,722,722,723,723,723,725,725,725,726,726,726,727,727,727,729,729,729,730,730,730,731,731,731,732,732,732,733,733,733,736,736,736,737,737,737,738,738,738,739,739,739,740,740,740,742,742,743,743,743,744,744,744,745,745,745,748,748,748,749,749,749,750,750,750,751,751,751,752,752,752,754,754,754,755,755,756,756,756,758,758,758,759,759,759,761,761,761,762,762,762,763,763,763,764,764,765,783,801,820,839,858,878,898,919,941,963,986,1008,1032,1056,1081,1107,1131,1158,1185,1212,1239,1269,1299,1328,1360,1391,1424,1457,1490,1526,1560,1597,1635,1672,1712,1751,1791,1833,1876,1919,1963,2009,2056,2103,2153,2201,2253,2309,2366,2425,2485,2546,2609,2674,2742,2809,2878,2950,3022,3097,3418,3285,3181,3155,3230,3189,2851,2915,2878,3203,3144,2926,3421,3698,3879,3766,4008,3918,4127,4322,4541,4891,4217,4057,4249,4402,4439,4568,4517,4362,4297,4356,4121,4274,3973,4168,4222,4155,3932,4348,4458,4764,4722,4840,5040,5146,4940,4828,4956,5040,5100,5151,5192,5237,5291,5356,5433,5522,5621,5731,5847,5970,6094,6224,6357,6491,6629,6770,6913,7061,7210,7363,7520,7678,7842,8009,8179
mkd,North Macedonia,229,229,229,229,229,229,229,229,229,229,229,229,229,229,229,230,230,230,230,230,230,232,233,235,237,239,241,243,245,247,249,251,253,256,258,259,262,264,266,268,270,273,275,277,279,282,284,286,289,291,293,295,296,297,298,299,300,302,303,304,305,306,308,309,310,311,312,314,315,316,317,323,328,334,340,346,352,358,364,370,377,383,390,397,404,411,418,425,433,440,448,451,454,457,460,464,467,470,473,476,480,487,495,503,511,520,528,537,545,554,563,563,563,563,562,560,557,556,554,552,550,556,565,586,620,642,677,657,706,733,709,679,607,618,633,615,686,689,734,765,758,752,746,735,723,712,701,690,807,869,797,812,734,765,782,944,955,1045,1127,1154,1224,1244,1258,1467,1881,1707,1842,1908,1956,2144,2295,2421,2513,2641,2766,2866,2964,3121,3346,3552,3564,3587,3611,3530,3640,3608,3858,3807,3688,3760,3388,3184,2982,2455,2309,2852,3433,3478,3175,2971,2879,2673,2696,2941,3393,3824,4171,4485,5294,5586,5637,5633,5405,5637,5760,5697,5555,5385,5727,6002,5750,5969,6207,6437,6662,6896,7137,7381,7622,7854,8077,8289,8491,8687,8880,9072,9266,9464,9665,9870,10080,10294,10512,10735,10963,11196,11433,11676,11924,12177,12436
mli,Mali,266,266,266,266,266,266,266,266,266,266,266,266,266,266,266,266,266,266,266,266,266,267,267,267,267,267,268,268,268,268,268,268,268,268,268,268,268,268,268,268,268,269,269,269,269,269,269,269,269,269,270,270,270,270,270,270,270,270,270,270,270,270,270,270,270,271,271,271,271,271,272,272,272,272,272,272,272,272,272,272,272,272,272,272,273,273,273,273,273,273,273,273,273,273,274,274,274,274,274,274,274,274,274,274,274,274,274,274,275,275,275,275,275,276,276,276,276,276,276,276,276,278,280,282,284,286,288,290,292,294,295,297,299,301,303,305,307,308,310,312,314,315,317,319,321,323,324,326,327,329,330,336,342,347,353,359,365,371,377,384,387,382,376,394,405,402,411,417,423,412,429,434,447,426,407,453,504,531,510,623,542,516,479,492,505,508,531,532,522,528,524,565,562,538,462,430,423,439,442,451,420,441,423,488,524,583,622,657,739,793,832,850,827,874,894,888,867,839,864,887,830,838,863,879,897,914,931,950,968,988,1008,1028,1050,1072,1094,1118,1141,1165,1190,1215,1241,1268,1295,1322,1350,1379,1408,1438,1468,1499,1531
mlt,Malta,621,621,621,621,621,621,621,621,621,622,622,622,622,622,622,622,622,622,623,623,623,628,634,640,646,653,658,665,670,676,682,689,695,702,708,714,722,728,734,741,748,755,762,769,776,783,790,798,805,813,820,827,835,843,850,858,867,874,882,890,899,907,916,923,932,941,950,958,967,976,985,995,1003,1012,1022,1031,1041,1050,1059,1070,1079,1090,1099,1110,1120,1130,1140,1151,1161,1172,1183,1194,1205,1216,1227,1238,1250,1261,1273,1285,1297,1308,1320,1333,1345,1358,1369,1382,1395,1408,1421,1434,1447,1461,1474,1488,1501,1515,1529,1543,1557,1551,1545,1538,1532,1525,1518,1511,1503,1495,1487,1479,1470,1461,1452,1442,1432,1422,1411,1400,1390,1381,1372,1363,1353,1343,1332,1322,1310,1298,1286,1343,1390,1454,1508,1578,1758,1753,1844,1862,1948,1942,1870,1885,1963,2140,2398,2571,2839,3006,3375,3480,3774,3922,4319,5124,6003,6717,7338,7985,8190,8516,8842,8946,9192,9599,10037,10432,11275,12584,13734,14020,14857,14409,14181,14736,15693,16496,16205,16659,17097,16083,15606,16961,18473,19831,20355,21781,24725,24396,25415,25742,25112,26191,27101,28020,26210,26313,28210,28879,25370,26187,27374,28434,29575,30752,31969,33198,34406,35564,36655,37676,38635,39550,40440,41322,42209,43109,44025,44960,45914,46889,47885,48901,49940,51000,52082,53188,54318,55471,56648
mmr,Myanmar,614,614,614,614,614,614,614,614,614,614,614,614,614,614,614,614,614,614,614,614,614,614,614,614,614,614,614,614,614,614,614,614,614,614,614,614,614,614,614,614,614,614,614,614,614,614,614,614,614,614,614,614,614,614,614,614,614,614,614,614,614,614,614,614,614,614,614,614,614,614,614,620,627,634,640,648,654,661,668,676,682,690,697,704,712,720,728,735,743,751,759,767,775,783,791,800,808,817,825,834,843,852,817,783,751,720,690,700,710,720,730,740,787,835,888,944,1004,974,946,919,892,867,890,915,940,966,993,1014,1034,1056,1077,1100,1084,1068,1053,1037,1022,960,902,857,813,772,733,696,660,626,595,565,536,509,483,544,548,554,511,569,597,622,595,677,688,678,711,705,690,680,627,619,633,633,634,627,604,577,580,578,587,595,607,606,626,629,630,625,620,605,567,515,432,463,486,501,513,535,556,569,591,625,668,695,709,736,772,782,777,795,827,871,901,945,991,1026,1057,1106,1153,1299,1333,1286,1270,1294,1350,1222,1231,1281,1338,1398,1462,1528,1591,1652,1708,1759,1807,1851,1893,1935,1977,2019,2062,2106,2151,2196,2243,2290,2339,2389,2439,2491,2544,2598,2653
mne,Montenegro,266,267,267,267,267,267,267,267,267,267,267,267,267,267,267,267,267,267,267,267,267,269,272,274,276,278,281,283,285,288,290,292,295,297,300,302,305,307,310,312,315,317,320,323,325,328,331,333,336,339,342,343,344,346,347,348,350,351,352,354,355,356,358,359,361,362,363,365,367,368,369,376,382,389,395,403,410,417,424,431,438,446,454,458,462,466,470,475,479,482,487,486,485,484,483,481,480,479,478,476,475,478,481,484,487,490,493,495,498,501,503,498,493,487,480,473,466,459,452,445,439,439,441,455,478,491,515,497,529,546,524,497,442,446,452,436,482,479,506,522,512,503,493,484,475,466,457,447,520,557,509,515,463,407,410,544,494,551,537,570,632,758,738,834,968,986,1024,1036,1120,1269,1403,1492,1607,1636,1771,1865,1998,2255,2422,2464,3098,3035,3173,3175,3343,3410,3584,3467,3406,3468,3212,3011,2331,1539,1616,1913,2544,2845,2993,2719,2809,2828,2871,3401,4061,4635,5378,6344,7838,8096,8230,8449,7932,8215,8077,8052,7878,8066,8779,9304,7900,8606,9073,9440,9734,10018,10309,10605,10900,11190,11473,11749,12020,12288,12556,12826,13099,13378,13662,13952,14248,14551,14859,15175,15497,15826,16162,16505,16856,17214,17579
mng,Mongolia,787,787,787,787,787,788,788,788,788,788,788,788,788,788,788,788,788,789,789,789,789,790,792,793,795,796,798,799,800,801,802,803,806,807,808,809,811,812,813,814,815,818,819,820,821,822,824,826,828,830,831,832,833,834,836,837,838,840,842,843,844,845,846,847,851,852,853,855,856,857,858,859,861,863,864,866,868,869,870,871,874,881,888,896,903,910,918,924,929,935,941,947,952,958,963,967,971,975,979,982,987,990,992,995,996,998,1000,1003,1003,1004,1004,1006,1004,1006,1006,1004,1003,1002,1000,1000,997,1000,1003,1006,1007,1009,1010,1011,1011,1011,1011,1013,1011,1010,1009,1007,1004,1001,998,995,990,985,982,976,970,964,958,950,943,934,926,953,983,1013,1045,1074,1108,1141,1174,1210,1247,1284,1320,1362,1404,1445,1486,1533,1577,1626,1676,1703,1717,1815,1835,1896,1915,2010,2101,2128,2212,2343,2479,2565,2652,2740,2929,2964,3044,2896,2584,2119,1380,857,709,733,862,909,821,747,705,705,772,850,996,1140,1394,1747,2181,2150,2379,3014,4136,4853,4646,4220,3878,3532,3843,3923,3740,3861,4083,4260,4405,4556,4695,4835,4975,5111,5244,5373,5498,5622,5745,5868,5994,6121,6251,6384,6519,6658,6799,6943,7091,7241,7395,7552,7712,7876,8043
moz,Mozambique,332,333,333,333,333,333,333,333,333,333,334,334,334,334,336,336,336,336,336,336,336,336,336,337,337,337,337,338,338,338,338,339,339,339,339,339,339,339,339,339,340,340,340,340,341,341,341,341,341,342,342,342,342,343,343,343,343,344,344,344,344,345,345,345,345,345,345,345,345,345,346,346,346,346,347,347,347,347,348,348,348,348,349,349,349,349,349,350,350,350,350,351,351,351,351,352,352,352,352,352,352,352,352,353,353,353,353,353,354,354,354,354,355,355,355,355,355,355,355,355,356,354,352,350,348,345,344,341,339,338,335,333,331,329,327,325,323,320,319,317,314,313,310,308,307,304,302,301,298,296,294,296,299,303,301,312,305,304,308,316,314,314,333,333,340,338,335,365,373,390,368,386,396,405,420,418,430,418,410,412,419,415,390,332,337,304,308,323,339,360,358,367,333,353,313,303,329,392,458,513,480,470,423,446,472,507,523,570,606,649,618,628,680,751,761,711,589,512,479,499,460,457,466,494,534,580,595,611,626,642,657,672,687,703,718,733,749,764,781,797,814,831,849,867,886,904,924,943,963,984,1004
mrt,Mauritania,174,174,174,174,174,174,174,174,174,174,174,174,174,174,175,175,175,175,175,175,175,176,176,177,178,179,180,181,182,183,183,184,185,186,187,188,189,190,191,191,193,193,194,195,196,197,198,199,200,201,202,202,202,203,203,203,204,204,204,205,205,205,206,206,206,206,207,207,207,207,207,208,208,208,209,209,209,209,210,210,210,210,211,211,211,211,211,212,212,212,212,212,213,213,213,213,213,214,214,214,214,214,215,215,215,215,215,215,216,216,216,216,216,216,217,217,217,217,217,218,218,219,219,220,221,221,222,222,223,223,224,224,225,225,226,226,227,227,227,228,228,228,229,229,229,230,230,230,230,230,231,237,244,250,257,264,271,277,284,292,310,378,385,374,502,590,610,648,723,727,819,840,856,863,949,1059,1143,1152,1076,1193,1208,1263,1170,1203,1180,1221,1291,1319,1333,1384,1319,1430,1567,1631,1435,1434,1521,1363,1311,1275,1095,955,947,990,1048,1190,1419,1512,1672,1742,1784,1862,1994,2073,1931,1821,1678,1668,1708,1753,1670,1685,1740,1830,1874,1901,1930,1960,1992,2026,2063,2102,2144,2188,2233,2280,2328,2378,2428,2480,2533,2587,2641,2697,2755,2813,2873,2934,2996,3060,3125
mus,Mauritius,516,516,516,516,516,516,516,516,516,516,516,517,517,517,517,517,517,517,517,517,517,520,522,525,527,530,532,535,538,540,543,545,548,551,554,556,558,561,564,567,570,572,575,578,581,584,586,589,592,595,598,601,604,607,609,612,615,618,622,624,628,631,634,636,640,643,646,649,652,655,659,661,665,668,671,674,678,681,684,688,691,694,698,701,705,708,711,715,718,721,725,729,733,736,740,743,747,750,754,757,761,765,768,772,776,780,784,787,791,795,799,803,807,810,820,831,841,851,862,873,883,914,945,977,1010,1044,1079,1114,1151,1188,1227,1266,1306,1348,1390,1433,1478,1523,1570,1617,1666,1716,1768,1820,1874,1929,1986,2043,2102,2163,2225,2270,2259,2261,2311,2311,2318,2334,2332,2399,2481,2926,2827,3114,2778,2756,2558,2580,2324,2367,2284,2318,2436,2651,2779,2730,3235,3333,3342,3337,2897,2965,3031,2956,3009,3128,3339,3577,3710,4043,4391,4626,5094,5246,5326,5528,5926,6110,5970,5693,5849,5831,5770,6146,6774,7091,7383,8041,8964,9369,9609,9776,10822,11790,11939,11883,11822,11968,12777,13135,10230,10907,11477,11937,12356,12765,13219,13678,14131,14569,14986,15381,15759,16124,16482,16840,17200,17567,17940,18321,18710,19107,19513,19927,20350,20782,21224,21674,22134,22604,23084
mwi,Malawi,161,161,161,161,161,161,161,161,161,161,161,161,161,161,161,161,161,161,161,161,161,161,161,161,161,161,161,161,161,161,161,162,162,162,162,162,162,162,162,162,162,162,162,162,162,162,162,162,162,162,162,162,162,162,162,162,162,162,162,162,162,162,162,162,162,162,162,162,162,163,163,163,163,163,163,163,163,163,163,163,163,163,163,163,163,163,163,163,163,163,163,163,163,163,163,163,163,163,163,163,163,163,163,163,163,163,163,163,163,163,163,163,163,163,163,163,163,163,163,163,163,166,168,171,173,175,178,180,183,186,188,191,193,196,198,201,204,207,209,212,215,218,220,223,226,229,232,235,238,241,243,250,255,261,267,266,283,288,292,296,296,301,289,274,259,283,300,317,301,308,300,330,350,364,372,370,368,371,387,387,372,338,326,325,324,334,319,303,288,291,325,371,341,370,264,255,267,313,316,280,240,206,248,307,393,380,386,409,448,492,535,570,521,459,408,389,378,403,448,560,580,576,597,618,638,659,679,699,719,739,758,777,795,813,830,848,867,885,904,923,942,962,983,1004,1025,1047,1069,1092,1115,1139,1163
mys,Malaysia,476,476,476,476,476,476,476,476,476,476,476,476,476,476,476,476,476,476,476,476,476,477,478,479,480,481,481,482,483,484,485,486,487,488,489,490,491,491,492,493,494,495,496,497,498,499,500,500,502,503,503,504,505,506,507,508,509,510,511,512,513,514,515,516,517,518,519,520,521,522,522,518,514,509,505,501,497,492,488,484,480,476,472,468,464,460,456,452,448,445,441,437,434,430,426,422,419,416,412,409,405,471,504,437,407,428,394,422,488,455,532,562,542,638,716,764,688,851,889,930,885,1076,1191,1016,1012,858,1079,1015,1257,1595,1559,1522,1383,1382,1390,1332,1439,1566,1246,1270,1009,977,1321,1208,1104,1009,923,844,936,1208,1231,1137,1161,1137,1177,1152,1188,1149,1115,1158,1208,1261,1301,1330,1382,1447,1485,1477,1573,1628,1694,1782,1876,2105,2217,2191,2414,2560,2731,2894,3071,3221,3341,3471,3661,3543,3509,3617,3854,4116,4337,4520,4907,5431,5936,6452,7055,7238,5749,5257,5189,5214,5522,5798,6210,6674,7271,8214,9098,9129,9823,10532,11536,12148,12293,11861,11277,10845,11090,11474,10570,11115,11635,12146,12637,13115,13617,14125,14624,15103,15557,15983,16385,16771,17147,17520,17896,18277,18666,19062,19467,19880,20302,20733,21173,21623,22082,22551,23029,23518,24018
nam,Namibia,292,292,292,292,292,293,293,293,293,293,293,293,293,293,293,293,293,293,293,293,293,298,302,307,311,316,321,325,330,335,340,345,350,356,362,367,372,378,384,389,395,401,407,413,419,426,432,439,445,452,459,466,472,480,487,494,502,509,517,525,532,541,549,557,565,574,582,591,600,609,618,628,637,647,656,666,677,686,697,707,718,729,740,751,762,774,785,797,809,821,834,846,858,871,885,898,912,925,939,953,968,982,997,1012,1027,1042,1058,1074,1090,1107,1123,1140,1157,1174,1192,1210,1229,1247,1265,1285,1304,1324,1345,1367,1388,1410,1432,1454,1477,1500,1524,1548,1572,1597,1622,1647,1673,1699,1725,1752,1780,1821,1864,1906,1950,1995,2040,2087,2134,2183,2232,2248,2264,2296,2369,2388,2417,2448,2455,2533,2703,2667,2967,3184,3609,3756,3803,3557,3497,3527,3451,3505,3450,3463,3583,3532,3453,3362,3388,3416,3542,3531,3416,3232,3124,3045,3122,3161,3044,3369,3596,3796,3919,3699,3743,3919,3935,3916,3743,3484,3359,3070,2929,3178,3799,4470,5017,5241,5233,5105,5352,5970,6493,6668,6389,5897,5267,5036,5123,5258,4500,4488,4507,4511,4493,4475,4456,4446,4447,4465,4502,4556,4626,4709,4800,4899,5001,5107,5215,5326,5439,5554,5672,5792,5916,6041,6170,6300,6434,6571,6710
ner,Niger,247,247,247,247,247,247,247,247,247,247,247,247,247,247,247,247,247,247,247,247,247,249,250,251,252,253,254,256,257,258,259,261,262,263,265,266,267,268,270,271,272,273,275,276,277,279,280,282,283,285,286,287,289,290,291,293,294,295,296,298,300,301,303,304,305,307,309,310,312,313,314,316,318,319,321,322,324,326,327,329,331,332,333,335,336,338,340,341,343,345,346,348,350,351,353,355,357,359,360,362,364,365,367,369,371,373,375,376,378,379,382,383,385,387,390,392,395,398,401,403,406,409,413,417,420,424,427,431,435,439,443,447,451,455,459,462,466,471,474,478,483,490,497,505,512,519,527,535,543,551,559,571,582,592,604,615,627,637,650,660,689,707,768,830,817,864,839,828,820,781,791,820,764,622,664,633,625,660,735,772,793,788,762,733,596,594,609,575,594,583,614,636,716,656,495,414,376,376,395,373,330,323,321,348,367,418,448,471,533,577,618,605,623,639,651,622,589,567,594,601,550,567,615,659,678,694,709,723,738,753,769,785,802,818,836,853,872,890,909,928,948,968,989,1010,1031,1053,1076,1098,1122,1145,1170
nga,Nigeria,608,610,610,611,612,613,615,616,617,618,619,620,622,622,624,624,625,627,628,629,630,631,632,633,634,636,637,638,639,640,641,642,643,644,645,646,647,648,649,650,650,652,653,654,655,656,657,658,659,660,661,662,662,663,664,665,666,667,668,668,670,671,671,673,673,675,675,676,677,677,679,680,680,681,682,682,683,684,685,686,686,687,688,689,689,690,691,692,692,693,694,694,695,696,696,697,697,698,699,700,700,700,702,702,703,703,703,703,704,705,705,706,707,707,717,727,738,748,760,770,781,786,790,795,799,804,808,813,817,821,825,829,832,836,840,844,847,850,854,857,860,863,866,868,871,873,875,877,878,880,882,927,972,974,1016,1013,962,972,933,946,960,965,992,1053,1066,1106,1039,852,818,1008,1282,1392,1402,1478,1601,1507,1623,1631,1491,1546,1528,1363,1311,1199,1122,1191,1183,1144,1225,1002,1012,901,869,605,511,494,611,689,695,716,705,778,918,990,1140,1304,1681,1995,2386,2462,2557,2537,2765,3015,3244,3132,2700,2278,2041,2069,2000,2000,1995,1991,1988,1983,1978,1976,1979,1989,2007,2033,2065,2102,2143,2187,2233,2280,2328,2377,2428,2480,2532,2586,2641,2697,2754,2813,2872,2933,2996
nic,Nicaragua,359,359,359,360,360,360,360,360,360,360,360,360,360,360,360,360,360,360,360,360,360,364,368,372,376,380,384,388,393,397,401,405,410,414,418,423,428,432,437,441,446,451,456,460,465,470,475,480,485,491,496,501,506,511,517,523,528,534,540,545,551,557,563,569,575,581,588,594,600,607,613,619,626,633,639,647,654,660,667,675,682,689,696,704,711,719,727,734,742,750,758,759,759,760,760,761,761,761,761,761,761,761,761,761,760,760,759,758,758,757,756,757,758,759,760,761,762,762,762,763,763,792,714,764,797,880,754,757,959,1056,853,787,708,878,785,776,602,635,649,776,828,894,841,902,874,858,903,878,935,891,975,1010,1146,1139,1208,1250,1211,1273,1238,1218,1196,1258,1366,1481,1620,1735,1753,1834,1818,1896,1872,1919,1941,2000,2203,2201,2259,2345,2151,1549,1566,1610,1568,1617,1570,1486,1452,1421,1225,656,560,388,409,488,742,972,1380,1379,1390,1447,1440,1425,1399,1394,1415,1469,1494,1598,1684,1658,1736,1827,1892,1950,2019,2099,2178,2213,2051,1936,1850,1841,1871,1889,1903,1923,1955,1989,2024,2061,2100,2142,2185,2230,2277,2325,2374,2424,2476,2529,2582,2637,2693,2750,2808,2868,2929,2991,3055,3120,3186
nld,Netherlands,4778,4694,4953,4847,5076,4778,4814,4411,3005,3064,3123,3184,3245,3309,3372,3438,3276,3309,3359,3205,3432,3365,3396,3564,3539,3451,3503,3711,3789,3796,3469,3727,3901,3815,3848,3837,3964,4057,4099,4097,4137,4176,4075,4005,4042,4014,4021,4047,4113,4235,4314,4378,4327,4229,4488,4366,4541,4461,4339,4184,4385,4265,4432,4514,4694,4701,4877,4712,4740,4894,5049,4983,5040,5141,4952,5234,5247,5310,5294,5040,5328,5360,5432,5770,5806,5865,5888,5963,5972,6107,5798,5749,5858,5731,5991,5951,6119,6190,6202,6206,6059,6260,6428,6330,6327,6548,6588,6385,6426,6682,6885,7032,7131,7369,7040,7146,7200,6601,6100,7502,7681,8065,8371,8435,8910,9156,9752,10017,10411,10354,10197,9437,9164,9020,8745,8971,9446,9888,9555,10090,8793,8246,7474,7246,4821,4888,8112,9187,9992,10702,10913,10979,11073,11908,12571,13334,13648,13858,13617,14082,15082,15005,15886,16324,17532,18296,18647,19504,20651,21836,22911,23701,24355,25415,26351,26237,27371,28080,28707,29289,29542,29319,28983,29509,30498,31427,32261,32659,33447,35585,36721,37576,40073,40419,41835,44113,46639,46684,44634,44595,43207,40229,39371,43135,48843,53249,57156,60846,63805,64468,64113,63401,59991,59340,57358,55329,52110,51350,53369,54192,51060,52697,54118,54948,55665,56344,57048,57792,58602,59500,60496,61589,62773,64033,65353,66722,68131,69575,71052,72560,74100,75674,77280,78921,80596,82307,84054,85839,87662,89523,91423
nor,Norway,1631,1635,1637,1640,1643,1645,1648,1650,1653,1655,1657,1661,1663,1666,1668,1671,1674,1678,1680,1682,1685,1691,1699,1705,1712,1719,1726,1733,1740,1747,1754,1649,1696,1835,1859,1830,1784,1781,1805,1819,1956,1938,1923,1851,1907,1986,1971,2033,1866,1898,1976,2025,2052,2162,2263,2309,2264,2146,2270,2212,2297,2287,2443,2385,2417,2528,2405,2424,2405,2531,2650,2771,2851,2948,2859,2934,3015,2983,2845,2957,3047,2969,3078,3143,3065,3042,3078,3129,3277,3378,3371,3362,3346,3432,3573,3715,3776,3917,3975,3949,3955,3982,3978,4005,4003,4044,4256,4305,4396,4434,4657,4805,4930,5374,5278,5365,5846,5218,4897,5605,5769,5139,5563,5928,5827,5762,5782,6077,6380,6794,7037,6448,6727,6857,7059,7373,7830,8137,8270,8617,7836,7978,7621,7412,6962,7723,8412,9438,9980,10142,10536,11002,11281,11613,12079,12226,12758,13021,12907,13338,13978,14859,15279,15872,16672,17561,18219,19345,19761,20640,21069,22172,23300,24339,25393,26771,28415,29719,30861,32366,34102,34556,34745,36123,38414,40571,42175,43131,43173,45674,47889,49125,52443,50792,50871,52079,56108,59389,57017,55281,54800,56136,58124,62369,70932,80830,87172,97223,105962,105501,105238,105122,112311,116765,115168,103184,90409,82458,83641,83172,78290,80829,83556,85417,86702,87847,88842,89901,91074,92396,93885,95543,97354,99291,101330,103450,105632,107870,110160,112498,114887,117325,119816,122360,124957,127611,130319,133086,135912,138797,141743
npl,Nepal,194,194,194,194,194,194,194,194,194,194,194,194,194,194,194,194,194,194,194,194,194,194,194,194,194,194,194,194,194,194,194,194,194,194,194,194,194,194,194,194,194,194,194,194,194,194,194,194,194,194,194,194,194,194,194,194,194,194,194,194,194,194,194,194,194,194,194,194,194,194,194,196,197,199,200,201,203,204,206,207,209,210,212,213,215,216,218,219,221,223,224,226,227,229,230,232,234,235,237,239,241,242,244,246,248,249,251,253,255,257,258,260,262,264,263,263,262,262,261,261,260,259,259,258,258,257,256,256,255,255,254,254,253,253,252,251,251,250,250,249,249,248,248,247,247,246,246,245,244,244,243,248,253,266,269,271,281,277,290,295,297,300,301,303,304,306,320,309,305,312,313,302,305,297,309,307,313,315,321,321,306,323,327,309,330,342,348,344,360,382,379,371,341,319,330,319,329,345,332,342,345,353,350,362,367,393,423,458,521,577,642,733,873,964,971,988,978,1079,1166,1253,1190,1209,1243,1301,1354,1405,1459,1513,1566,1617,1665,1711,1754,1795,1836,1875,1916,1956,1998,2041,2084,2128,2173,2220,2267,2315,2364,2414,2465,2518,2571
nru,Nauru,779,779,779,779,779,779,779,779,782,782,782,782,782,782,782,782,782,782,782,782,783,785,789,794,797,801,806,809,812,816,821,825,830,832,836,840,845,848,853,857,861,866,870,874,879,882,886,891,895,899,904,908,911,916,920,926,930,934,939,943,949,953,957,962,967,971,976,981,986,989,994,999,1005,1010,1015,1018,1025,1028,1035,1039,1045,1049,1054,1059,1064,1070,1074,1080,1085,1090,1095,1100,1106,1112,1117,1122,1128,1133,1138,1144,1149,1156,1161,1167,1172,1178,1183,1190,1195,1201,1206,1212,1217,1224,1278,1336,1395,1456,1522,1590,1660,1731,1804,1879,1959,2040,2126,2217,2310,2407,2506,2612,2722,2836,2956,3079,3209,3342,3483,3628,3780,3939,4104,4276,4455,4640,4834,5036,5247,5466,5695,6451,7310,8282,9382,10628,12040,13640,15452,17505,19828,22481,25485,28892,32752,37130,42091,47717,54090,61316,69507,70016,70575,71213,71971,72575,69247,66142,63210,60361,57547,54770,52047,49382,46774,44235,41777,39416,37172,35066,33106,26137,21355,17511,16514,14975,13056,11500,10369,9654,8951,8298,7422,7390,7027,7064,7509,5784,7034,7637,8430,9224,10051,14569,16464,15204,14133,13451,14881,16936,15990,15926,15761,15578,15362,15150,14936,14757,14639,14599,14643,14767,14960,15206,15492,15803,16131,16472,16820,17178,17543,17915,18295,18683,19080,19485,19899,20321,20753,21193,21643
nzl,New Zealand,596,601,607,613,619,625,630,636,641,647,653,659,665,670,677,682,688,693,699,705,762,782,803,824,847,869,892,916,940,966,992,1018,1045,1073,1102,1132,1162,1193,1225,1258,1292,1326,1361,1398,1435,1474,1514,1554,1595,1638,1682,1797,1918,2050,2189,2339,2498,2668,2850,3044,3251,3363,3479,3597,3721,3849,3981,4118,4259,4405,4556,4637,5178,5631,5649,5421,5325,5853,6277,5246,5508,5533,5359,5137,5443,5273,5295,5298,5224,5440,5519,5484,5587,5568,5261,5353,5862,5805,5857,5939,6317,6207,6523,6948,6718,7129,7582,7849,7106,7011,7813,8075,7656,7572,7627,7604,7525,7361,7218,7765,8291,7537,7115,7560,7559,7778,7209,6884,7557,7735,7290,6577,6360,6726,7008,7289,8584,8968,9498,9495,9260,9009,9940,10183,10094,10183,10526,11532,10184,11054,12429,11249,11459,11546,12851,12824,13228,13295,13500,14154,13911,14381,14418,15072,15560,16313,17105,16145,16001,17534,17110,17771,18262,19221,20001,19469,19793,18832,18974,19442,19615,20545,20800,21180,22034,22113,22544,22645,22604,24713,24649,21472,20531,20781,22096,24343,26228,26882,24939,23394,21116,20283,20647,23637,28168,32215,32867,34877,34683,35664,35297,37508,41588,44749,45992,45145,43821,42412,43403,43685,41550,42950,43844,44343,44776,45171,45582,46030,46546,47152,47858,48665,49562,50534,51564,52639,53749,54886,56051,57241,58456,59697,60965,62258,63580,64930,66308,67716,69154,70622,72121
omn,Oman,364,365,365,365,365,365,365,365,365,365,365,365,365,365,365,365,365,365,365,365,365,367,369,370,372,373,375,377,378,379,381,383,384,386,388,389,391,392,394,396,398,399,401,402,404,406,408,409,411,413,414,416,418,419,421,423,425,426,428,430,432,434,435,437,439,441,443,445,446,448,450,453,457,461,465,469,472,476,480,484,488,487,486,485,483,482,481,480,478,477,475,474,472,471,469,467,465,463,462,460,457,455,453,451,448,446,444,441,439,436,433,430,427,424,424,424,424,423,422,421,420,423,425,427,430,431,434,435,437,438,439,440,441,441,441,442,441,441,440,439,438,436,435,432,430,427,424,420,416,412,407,425,442,462,481,500,522,543,565,588,611,628,766,809,818,829,880,1472,2687,3386,3504,3527,3840,3289,3647,4510,4982,4876,4648,4709,4852,5511,5977,6801,7764,8679,8715,9262,9384,10308,10319,10665,11092,10559,10158,9989,10143,10668,10314,9908,10603,11500,11657,11554,12329,13537,15761,18040,21115,21309,20931,19784,21939,22761,20977,19380,17488,15195,14714,14440,14045,13897,14512,14439,14301,14089,13925,13792,13710,13696,13755,13884,14074,14311,14582,14876,15186,15506,15834,16171,16514,16865,17222,17588,17962,18343,18732,19130,19536,19951,20374
pak,Pakistan,292,292,292,292,292,292,292,292,292,292,292,292,292,292,292,292,292,292,292,292,292,292,292,292,292,292,292,292,292,292,292,292,292,292,292,292,292,292,293,293,293,293,293,293,293,293,293,293,293,293,293,293,293,293,293,293,293,293,294,294,294,294,294,294,294,294,294,294,294,294,294,295,296,296,297,298,298,299,300,300,301,302,303,303,304,313,303,316,318,309,323,293,316,323,328,319,295,349,349,321,332,337,362,366,365,356,364,340,343,388,386,383,382,373,393,383,394,387,337,383,353,376,386,368,381,380,386,380,379,389,386,376,373,367,363,353,360,348,342,343,348,350,345,354,347,337,316,313,313,317,302,286,280,299,299,298,300,305,302,297,304,314,328,339,356,362,381,385,401,416,447,437,429,448,452,460,473,481,507,511,546,567,590,613,621,658,679,697,720,728,723,706,733,740,726,749,752,736,711,684,720,749,772,794,865,937,996,1066,1114,1141,1154,1199,1269,1356,1357,1399,1456,1526,1541,1437,1270,1265,1291,1325,1366,1408,1452,1496,1540,1583,1625,1665,1704,1742,1781,1819,1858,1898,1938,1979,2021,2064,2108,2152,2198,2245,2292,2341,2391,2442,2493
pan,Panama,469,469,469,469,470,470,470,470,470,470,470,470,470,470,470,470,470,470,470,471,471,475,481,487,492,498,503,509,515,521,526,533,539,545,551,557,563,570,576,582,589,596,603,610,616,624,630,638,645,652,660,667,675,682,690,698,706,714,722,731,738,747,755,764,773,782,790,799,808,817,826,836,845,855,864,874,885,894,904,915,925,935,946,957,967,979,990,1001,1012,1024,1036,1047,1059,1071,1083,1095,1107,1126,1144,1162,1181,1199,1218,1238,1257,1277,1297,1354,1426,1509,1616,1661,1669,1668,1757,1745,1645,1556,1498,1443,1393,1350,1368,1379,1419,1432,1433,1440,1457,1484,1405,1358,1346,1347,1362,1464,1428,1542,1495,1528,1510,1658,1650,1706,1798,1920,1651,1686,1552,1556,1468,1419,1457,1509,1527,1575,1616,1740,1717,1779,1832,1992,2120,2277,2331,2487,2620,2785,2931,3098,3225,3471,3567,3696,3713,3717,3720,3692,4018,4140,4708,5071,5205,5067,5114,5308,5477,5577,4953,4662,4771,4821,5128,5447,5623,5433,5597,5655,5812,5833,5819,5625,5741,5631,5843,6066,6349,7149,7923,8288,8634,9950,10811,11913,12348,13549,14200,14987,15089,15204,12420,13727,14223,14742,15284,15851,16444,17044,17634,18202,18740,19247,19727,20189,20640,21089,21541,22000,22467,22945,23432,23929,24437,24956,25486,26027,26580,27144,27720,28309,28910
per,Peru,263,249,249,244,243,250,258,261,256,254,255,238,240,232,228,221,225,220,221,215,207,170,162,169,162,167,159,169,167,164,166,167,162,170,175,180,190,200,201,197,206,221,217,209,205,220,212,233,242,246,235,270,252,288,304,323,309,358,333,325,326,306,303,332,317,314,328,327,326,365,416,434,440,436,441,404,445,406,351,296,213,195,206,189,226,212,222,205,227,224,210,224,230,214,197,208,228,245,257,266,269,285,300,316,322,342,364,382,385,386,388,391,400,408,401,430,469,480,477,487,485,497,532,560,603,609,661,662,694,755,658,595,563,616,689,741,764,762,762,754,756,744,715,714,762,777,793,802,815,861,913,960,984,1020,1022,1069,1088,1112,1085,1061,1175,1241,1294,1312,1362,1410,1484,1499,1439,1433,1500,1522,1525,1558,1593,1670,1646,1600,1555,1604,1632,1660,1621,1369,1398,1392,1496,1586,1423,1439,1518,2154,2419,2606,2902,3107,3371,3572,3396,3158,2954,2791,2856,2899,2987,3216,3498,3977,4591,4769,5245,5784,6561,7195,7206,7041,6789,6605,6738,6919,6030,6477,6744,6995,7160,7319,7482,7649,7818,7989,8163,8339,8518,8701,8886,9075,9268,9464,9665,9871,10080,10294,10513,10736,10964,11197,11434,11677,11925,12178,12437
phl,Philippines,358,358,358,358,358,358,358,358,358,358,358,358,358,358,358,358,358,358,358,358,358,358,359,359,360,360,361,361,362,362,363,363,364,364,365,365,366,366,367,367,368,368,369,369,370,370,370,371,371,372,372,373,373,374,374,375,375,376,376,377,377,378,378,379,379,380,380,381,381,382,382,383,384,385,386,387,388,389,390,391,392,392,393,394,395,396,397,398,399,400,401,402,403,404,405,406,407,408,409,410,411,412,413,493,416,435,443,458,475,475,536,559,558,605,583,536,615,704,788,743,790,757,832,766,820,811,836,837,853,866,847,834,850,838,826,752,836,875,883,924,924,802,696,605,525,456,396,536,609,628,656,706,727,769,802,832,864,884,888,920,905,928,945,982,987,1009,1024,1048,1070,1089,1099,1129,1159,1230,1241,1278,1355,1394,1428,1470,1505,1520,1539,1532,1388,1256,1269,1294,1351,1457,1500,1466,1499,1564,1731,1848,2069,2178,2069,1944,1770,1718,1647,1631,1690,1748,1855,2131,2435,2607,2819,2933,3241,3541,3675,3754,3833,3848,3863,3923,3430,3611,3788,3974,4169,4374,4589,4807,5021,5222,5408,5578,5732,5876,6011,6145,6277,6411,6548,6687,6829,6974,7122,7273,7427,7585,7746,7910,8079,8250,8425
plw,Palau,862,862,862,862,862,862,863,863,863,863,863,863,863,863,864,864,864,864,864,864,864,868,870,873,877,880,882,886,889,891,894,897,900,904,906,909,913,916,919,922,925,928,932,935,938,941,944,948,950,954,957,961,964,967,970,973,977,981,984,986,991,994,996,1000,1004,1007,1010,1015,1018,1020,1025,1028,1032,1035,1038,1042,1045,1050,1052,1056,1060,1063,1067,1071,1074,1078,1081,1086,1089,1092,1097,1099,1104,1108,1111,1115,1120,1122,1126,1131,1134,1138,1142,1146,1150,1153,1157,1161,1166,1169,1174,1177,1181,1185,1252,1323,1398,1475,1559,1647,1740,1842,1948,2061,2179,2306,2440,2580,2730,2888,3055,3232,3418,3616,3825,4046,4281,4528,4789,5067,5360,5669,5996,6341,6709,7096,7506,7939,8397,8882,9395,9936,10510,11117,11757,12436,13154,13913,14714,15564,16461,17355,18298,19292,20340,21444,22606,23834,25126,26487,27923,26851,29486,35109,50165,52306,38033,36152,36419,32818,17580,15477,15633,15044,14975,13247,12887,12483,14817,15105,15777,14811,13490,11500,11993,12949,13935,13908,13871,12870,12498,13110,13405,12279,12342,13106,13483,14595,14295,13321,13558,14279,14460,14423,15614,17614,18577,18029,18099,17028,14390,12704,13891,15695,15826,15981,16134,16299,16488,16708,16962,17251,17571,17917,18283,18663,19057,19460,19873,20295,20727,21166,21616,22075,22543,23022,23511,24010,24520,25040,25572
png,Papua New Guinea,330,330,330,330,331,331,331,331,331,331,331,331,331,331,331,331,332,332,332,332,332,333,334,334,336,337,338,339,340,342,343,344,345,347,348,348,349,350,352,353,354,355,357,358,359,360,362,363,364,365,367,368,369,370,372,373,374,375,377,378,379,381,382,383,385,386,387,389,390,391,393,394,395,396,398,399,400,402,403,405,406,408,409,410,412,413,414,416,417,419,420,421,423,425,426,427,429,430,432,433,435,436,437,439,440,442,443,445,446,448,449,451,452,454,457,460,462,466,468,471,474,477,480,483,486,489,492,495,499,502,505,508,511,514,518,521,524,527,531,534,537,541,544,547,551,554,558,561,564,568,572,580,588,597,606,614,624,632,641,651,661,699,739,765,825,904,948,978,1011,1084,1188,1249,1305,1374,1393,1365,1305,1303,1399,1409,1359,1336,1321,1342,1316,1348,1388,1405,1423,1457,1337,1395,1431,1648,1698,1513,1458,1332,1137,980,855,749,699,655,707,823,984,1326,1696,1814,2069,2118,2572,2802,3299,3176,3011,2823,2708,2772,2720,2757,2816,2825,2839,2859,2880,2902,2930,2964,3006,3054,3109,3169,3233,3300,3370,3441,3514,3589,3665,3743,3823,3904,3986,4071,4158,4246,4336,4428,4522
pol,Poland,342,334,326,318,310,303,295,288,282,275,268,262,252,257,273,278,279,283,289,300,310,316,322,330,337,340,342,349,357,361,357,352,350,349,350,347,346,350,349,346,344,349,348,346,347,353,358,363,364,364,374,394,403,420,430,440,439,449,469,492,515,526,522,526,538,548,558,575,590,591,597,598,606,627,638,639,657,668,682,696,715,731,750,768,780,790,793,791,804,819,836,848,863,876,887,896,916,939,965,997,1024,1024,1023,1023,1023,1023,1022,1022,1022,1022,1022,1031,1041,1051,1063,1075,1087,1100,1112,1125,1137,1153,1168,1183,1198,1214,1230,1247,1263,1280,1205,1102,1002,961,963,965,982,1157,1565,1614,1370,1252,1104,1042,671,696,1189,1380,1304,1376,1479,1517,1524,1583,1641,1689,1731,1790,1848,1871,1944,2085,2048,2161,2251,2369,2514,2602,2756,2726,2865,3065,3284,3523,3719,3881,3964,4026,4161,4071,3957,3736,3691,3861,3991,4023,4144,4087,4188,4136,3742,3467,3544,4170,4551,5178,6020,6642,6886,6906,7004,6918,7140,7665,8188,9295,10532,12315,14513,15015,15151,15001,14913,15006,14963,14782,14133,13876,14735,15652,15240,15781,16515,17192,17736,18273,18778,19290,19802,20309,20807,21298,21781,22262,22745,23233,23728,24232,24747,25272,25808,26357,26916,27488,28071,28667,29276,29897,30532,31180,31842
prt,Portugal,798,761,774,781,805,791,773,778,791,778,644,587,610,671,693,726,751,754,802,882,912,902,896,879,842,822,853,808,816,901,942,877,835,778,802,790,783,861,870,891,822,807,831,842,896,894,834,771,819,832,805,804,803,803,802,802,797,791,786,780,775,770,772,774,775,777,802,821,824,841,850,814,832,862,843,837,813,846,841,837,827,846,865,879,902,918,959,972,975,949,984,959,948,961,941,974,981,1031,1059,1090,1136,1107,1104,1111,1116,1075,1074,1090,1063,1054,1071,1083,1097,1090,1097,1071,1076,1057,1003,1024,1072,1125,1247,1285,1222,1261,1238,1437,1282,1404,1370,1423,1433,1511,1556,1456,1329,1533,1524,1526,1409,1524,1490,1575,1651,1574,1682,1807,1785,1794,1820,1891,1885,2005,2087,2159,2237,2319,2331,2438,2579,2738,2942,3115,3326,3593,3771,4083,4467,4599,5078,5480,5967,6671,6695,6227,6548,6927,7136,7560,7909,8023,8233,8254,8133,8397,8784,9388,10140,11510,12885,14444,16799,16981,17232,17859,18969,19378,19253,19070,18252,17375,17121,18481,21146,23528,24140,25833,27366,27532,27305,26440,23967,23949,23382,22700,22144,21844,22941,23611,21790,22680,23818,24468,25093,25610,26111,26625,27154,27700,28264,28847,29449,30067,30703,31353,32018,32697,33391,34100,34824,35564,36318,37089,37877,38681,39502,40341,41197,42072,42965
pry,Paraguay,269,269,269,269,269,269,269,269,269,269,269,269,269,269,269,269,269,269,269,269,269,273,276,280,283,287,290,294,298,301,305,309,313,317,321,325,329,333,337,341,346,350,354,359,363,368,373,377,382,387,392,397,402,407,412,417,422,428,433,438,444,450,455,461,467,473,479,485,491,497,503,509,516,522,529,536,542,549,556,563,570,577,585,592,599,607,615,622,630,638,646,654,662,671,679,688,697,705,714,723,732,741,751,760,770,779,789,799,809,820,825,831,837,843,849,855,861,867,872,879,885,890,895,900,906,911,916,921,926,931,933,935,936,938,939,940,941,943,944,945,874,868,898,896,894,843,905,769,760,868,791,785,751,753,746,760,772,787,811,789,776,803,849,862,888,927,924,969,990,1013,1061,1105,1161,1226,1307,1379,1462,1606,1771,1953,2151,2307,2248,2143,2170,2214,2174,2225,2321,2409,2436,2457,2436,2494,2565,2676,2885,2882,2732,2489,2160,2071,1938,1714,1769,1925,2291,2874,3731,4144,4840,5214,5383,6175,6411,6264,6000,5853,5832,5615,5180,5314,5452,5594,5712,5833,5956,6082,6211,6342,6477,6614,6754,6898,7044,7193,7346,7502,7661,7824,7990,8160,8333,8510,8691,8875,9064,9256,9453,9653,9858
pse,Palestine,444,444,444,444,444,444,444,444,444,444,445,445,445,445,445,445,445,445,445,445,445,445,445,445,445,445,445,446,446,446,446,446,446,446,446,446,446,447,447,447,447,447,447,447,447,447,447,447,447,447,447,447,447,447,448,448,448,448,448,448,448,448,448,448,448,448,448,448,448,448,448,454,459,465,471,476,482,488,493,499,505,511,517,524,530,536,542,549,555,562,569,575,582,590,597,604,611,618,625,633,641,648,656,664,671,680,688,696,704,712,721,730,738,747,742,737,731,726,742,764,785,800,814,770,842,814,838,884,731,798,799,792,759,746,958,1150,1027,1142,956,903,910,976,1085,1100,1108,1137,1244,1296,988,754,778,802,827,816,807,797,787,777,763,795,832,845,877,911,947,986,1059,1030,948,1000,1072,1198,1357,1253,1468,1432,1600,1541,1694,1624,1810,1647,1734,1616,1642,1577,1819,1711,1627,1601,1828,1677,1987,2100,2325,2381,2305,2554,2811,2800,2325,2012,1734,1909,2149,2254,2129,2218,2471,2703,2985,3352,3638,3889,3928,4076,4333,4284,4363,4351,3710,3830,4004,4062,4067,4060,4055,4055,4066,4090,4129,4183,4250,4327,4412,4503,4597,4695,4794,4896,5000,5106,5214,5325,5438,5554,5671,5792,5915,6041,6169
qat,Qatar,569,572,573,576,578,580,582,585,587,589,591,593,596,598,600,603,605,607,610,612,614,616,618,621,623,625,628,630,632,635,638,639,642,644,647,650,651,654,657,659,661,664,667,669,671,674,677,679,682,684,687,690,692,695,697,700,703,705,708,710,713,716,718,721,724,726,729,732,735,737,740,751,762,773,784,796,807,819,831,843,856,868,880,893,906,919,933,946,960,975,989,1003,1017,1033,1048,1063,1078,1094,1110,1126,1143,1159,1176,1193,1211,1228,1246,1265,1283,1302,1321,1340,1359,1380,1312,1249,1189,1131,1077,1134,1195,1258,1326,1314,1302,1156,1139,1122,1107,997,899,810,730,659,594,589,584,578,573,568,564,558,553,547,542,547,553,557,562,680,823,995,1251,1572,1976,2483,3120,3920,4925,6185,7769,9702,12114,15124,18880,23564,29407,36693,45779,57105,71224,71374,72057,72770,70865,69663,70899,62184,63846,62410,56272,50834,42041,36723,34578,30911,30137,28194,28199,28561,28412,27094,29442,28474,28335,28424,28917,36400,38970,38966,40196,40232,41382,42759,47375,48450,63256,71898,79444,73573,75661,77913,82587,88972,89259,81561,71720,62043,61263,62374,55990,57195,59111,60276,61186,62348,63386,64460,65585,66774,68034,69366,70766,72225,73736,75290,76884,78515,80181,81884,83622,85397,87210,89062,90952,92884,94856,96870,98926,101026,103171
rou,Romania,44,44,44,44,44,44,44,44,44,44,44,44,44,44,44,44,44,44,44,44,44,45,45,46,46,47,48,48,49,50,50,51,52,52,53,54,55,55,56,57,58,59,59,60,61,62,63,64,65,65,66,67,68,69,70,71,72,73,74,75,76,77,78,85,88,67,67,81,88,79,82,85,85,90,89,102,98,100,103,105,130,97,127,117,100,120,133,124,128,128,128,132,142,138,147,146,149,124,147,102,140,145,141,144,109,154,165,133,143,140,178,173,174,174,146,139,131,124,118,112,106,114,127,138,138,139,152,151,147,155,152,155,140,141,142,153,157,163,159,161,157,161,149,169,128,87,85,108,295,241,187,237,234,260,264,322,278,324,300,335,364,406,432,483,544,605,689,772,835,897,1004,1095,1255,1436,1471,1524,1717,1843,2039,2094,2135,2166,2287,2466,2656,2692,2794,2856,2880,2748,2634,2313,2130,2001,2094,2374,2571,2491,2495,2504,2565,2585,2841,3136,3878,4913,6100,7917,10660,11075,10275,10066,9927,10445,10704,10662,10689,11020,11903,12860,12580,13336,13977,14510,15048,15576,16122,16674,17218,17746,18249,18727,19185,19628,20063,20498,20937,21383,21837,22301,22774,23258,23751,24256,24770,25296,25833,26382,26942,27514,28098
rus,Russia,476,477,477,478,478,479,479,480,481,481,482,482,483,483,484,485,485,486,486,487,487,491,494,497,500,504,507,510,513,517,520,523,527,530,534,537,541,544,548,551,555,558,562,566,569,573,576,581,584,588,592,595,600,603,607,611,615,619,623,627,631,635,639,643,648,652,656,660,665,669,673,678,682,686,691,695,700,704,709,714,718,723,728,732,737,742,713,834,803,746,743,681,745,845,961,889,980,964,989,1050,1027,1054,1145,1066,1179,1044,998,959,1047,1088,1161,1072,1159,1218,1163,1197,1064,935,572,493,496,454,528,609,773,968,1089,1137,1197,1213,1270,1261,1221,1246,1337,1503,1578,1678,1644,1680,1581,1523,1466,1412,1359,1308,1258,1370,1517,1623,1721,1664,1704,1710,1725,1799,1892,1854,1912,1813,1903,2046,2205,2305,2470,2626,2837,3044,3265,3381,3700,3890,4035,4388,4580,4800,4979,5163,5292,5378,5602,5706,5774,5919,5971,6090,6271,6297,6433,6530,6416,6074,5265,4909,4370,4206,4076,4151,3364,2722,2565,2614,3060,3610,4468,5635,7233,9367,11605,11087,11869,12871,15287,17023,16144,13083,10811,10039,10674,11464,10690,11094,11518,11775,12006,12244,12490,12742,13001,13267,13541,13822,14112,14410,14715,15027,15345,15671,16004,16343,16691,17045,17407,17776,18154,18539,18933,19335,19745,20164,20592
rwa,Rwanda,331,332,332,333,333,333,333,334,334,335,336,336,337,337,338,338,338,338,339,340,340,340,340,341,341,342,342,343,344,344,344,344,345,345,346,346,346,347,347,348,348,349,350,350,351,351,351,351,352,353,353,353,353,354,355,355,356,356,357,357,357,358,358,359,359,360,360,360,361,361,362,363,363,364,364,364,365,365,366,366,366,367,367,368,368,369,370,370,371,371,371,372,372,373,373,373,374,374,375,376,376,377,377,377,378,378,379,379,379,380,380,382,382,382,383,384,384,384,385,385,386,388,390,393,395,398,401,403,406,408,410,412,415,418,421,422,425,428,430,433,436,439,440,443,445,448,451,454,456,459,461,478,483,492,509,513,521,528,531,547,551,527,558,491,428,433,423,461,460,501,512,503,489,492,481,456,529,538,571,604,636,657,657,684,642,655,665,646,630,637,632,565,579,521,247,335,345,407,411,436,420,397,379,348,354,405,448,508,594,661,714,756,793,807,817,833,822,796,812,846,780,806,842,888,934,982,1019,1057,1094,1129,1162,1194,1224,1253,1281,1309,1337,1365,1394,1424,1454,1485,1517,1549,1582,1615,1649,1684,1720,1757,1794
sau,Saudi Arabia,844,844,845,845,846,846,847,848,848,849,850,850,851,851,852,853,853,854,854,855,856,856,857,858,859,859,860,861,861,862,863,864,864,865,866,867,867,868,868,868,869,870,871,871,872,873,874,874,875,876,877,877,878,879,880,880,881,882,882,882,883,884,884,885,886,887,887,888,889,890,890,894,897,899,902,905,909,911,914,917,921,924,926,929,933,936,939,942,945,948,952,954,958,961,964,967,970,974,977,981,983,987,990,994,996,1000,1003,1007,1010,1013,1017,1020,1024,1027,1064,1102,1142,1183,1226,1271,1317,1364,1414,1464,1518,1573,1629,1688,1749,1813,1878,1945,2016,2089,2164,2242,2323,2407,2494,2585,2678,2774,2875,2979,3086,3198,3313,3434,3558,3686,3819,4064,4229,4561,4986,5003,5264,5341,5485,5921,6367,6961,7610,8073,8569,9363,10446,11065,11725,12276,13053,14509,16259,18901,21116,20180,20727,22367,22118,21989,22628,22978,22056,18598,17554,15491,13853,13876,13743,12894,13355,14674,14482,13535,12730,12442,12589,12893,12651,11899,12223,12514,12196,13212,14464,16019,17629,19576,22363,21501,22299,24299,27242,28510,28193,26332,24010,21789,22504,23274,21930,22130,22571,22752,22936,23108,23282,23476,23709,23992,24332,24728,25175,25663,26184,26728,27291,27868,28460,29064,29681,30311,30955,31611,32283,32968,33668,34383,35113,35858,36619
sdn,Sudan,449,449,449,449,450,450,450,450,450,450,450,450,450,450,450,450,451,451,451,451,451,453,455,457,460,462,464,467,469,471,473,476,478,479,483,485,487,489,492,494,497,499,501,504,507,508,511,514,516,519,521,524,527,529,531,534,536,538,541,544,547,550,552,555,558,560,563,566,568,572,574,576,579,582,586,588,590,593,597,600,602,605,608,611,614,617,620,623,626,629,632,635,638,641,645,648,651,654,656,660,663,666,669,673,676,679,683,686,690,693,697,699,703,706,721,735,749,765,780,795,811,821,830,840,850,860,869,879,889,898,908,918,927,937,946,957,965,974,984,993,1002,1019,1036,1052,1069,1086,1102,1119,1136,1152,1168,1190,1216,1238,1264,1290,1389,1331,1350,1469,1456,1428,1499,1427,1386,1456,1413,1342,1398,1457,1365,1430,1372,1226,1320,1453,1678,1887,1807,1570,1540,1531,1683,1617,1497,1368,1390,1402,1405,1311,958,795,579,521,528,637,627,595,537,513,510,514,554,599,655,760,871,1127,1308,1381,1570,1583,1722,1569,1644,1710,1667,1428,1083,836,650,636,627,627,633,643,655,667,679,692,705,720,734,750,765,781,798,815,832,850,868,886,905,924,944,964,985,1005,1027,1049,1071
sen,Senegal,397,397,397,397,397,397,398,398,398,398,398,398,398,398,398,398,398,398,398,399,399,400,402,404,406,408,410,412,414,416,418,420,422,424,426,428,431,432,434,436,439,441,442,445,447,449,452,454,456,459,460,462,465,467,469,472,474,476,479,481,483,486,488,490,493,495,498,500,502,505,507,509,512,514,517,519,522,524,527,529,532,534,537,540,542,544,548,550,553,556,559,561,564,567,569,572,575,577,581,583,587,589,592,594,597,600,603,607,609,612,615,618,621,624,637,650,664,678,692,707,722,742,763,784,805,827,850,874,898,923,948,974,1001,1028,1055,1085,1114,1145,1176,1208,1240,1276,1314,1352,1390,1431,1472,1515,1559,1604,1649,1678,1707,1734,1763,1790,1818,1845,1872,1897,1893,1932,1948,1973,1963,1979,1975,1898,1963,1783,1878,1820,1880,1721,1739,1827,1946,1836,1710,1772,1659,1595,1780,1768,1632,1642,1667,1681,1711,1712,1663,1642,1670,1564,1270,1179,1097,1112,1090,1073,1005,955,903,1017,1140,1254,1282,1363,1502,1598,1582,1513,1496,1502,1512,1466,1411,1395,1447,1457,1430,1463,1510,1638,1731,1785,1850,1916,1981,2043,2102,2158,2212,2264,2314,2364,2415,2466,2519,2572,2627,2682,2739,2797,2857,2918,2979,3043,3107,3173,3241
sgp,Singapore,598,598,598,598,598,599,599,599,599,599,599,599,599,599,599,599,599,599,600,600,600,601,602,604,605,606,608,609,610,612,613,614,616,617,618,620,621,622,624,625,626,636,645,655,664,672,681,690,699,707,715,724,732,740,747,756,763,771,778,786,792,799,806,813,820,826,833,839,845,852,857,870,882,896,909,922,936,949,964,978,992,1007,1021,1036,1052,1067,1083,1099,1115,1131,1148,1165,1182,1200,1217,1235,1253,1272,1290,1309,1329,1463,1384,1190,1151,1273,1431,1305,1499,1515,1645,1474,1261,1091,1305,1331,1100,1524,1191,1352,1164,1314,1737,1778,1740,1961,1618,1196,1422,2002,1837,1353,1177,1666,1965,2214,2200,2390,2026,2356,2337,2318,2299,2280,2261,2242,2224,2206,2187,2169,2151,2029,1411,1683,1929,1774,1952,1731,1734,1951,2086,2214,2339,2544,2421,2577,2825,3144,3556,4036,4583,5107,5762,6361,6743,7035,7545,8093,8792,9608,10555,11250,11653,12610,13595,13612,13939,15352,16787,18794,20692,22902,26017,29776,34266,37645,40164,43441,37922,36336,35514,32503,32056,32669,34261,36496,40523,44616,45101,44829,53434,56198,58631,61055,62213,59038,58954,59361,59253,59501,54920,57097,58260,59158,60026,60820,61653,62525,63462,64485,65603,66817,68119,69497,70936,72424,73955,75523,77125,78762,80435,82142,83886,85667,87486,89343,91240,93177,95155,97175,99238
slb,Solomon Islands,199,199,199,199,199,199,199,199,199,199,199,199,199,199,199,199,199,199,199,199,199,200,201,201,202,203,204,204,205,206,206,207,208,209,209,210,210,212,212,213,214,214,215,216,217,218,218,219,220,221,222,222,223,224,224,226,226,227,228,229,229,231,231,232,232,233,234,235,236,237,237,238,239,240,241,242,242,244,245,245,246,247,248,249,250,251,251,252,254,254,255,255,256,258,258,259,260,261,262,263,264,265,266,267,268,269,270,270,272,273,274,274,275,277,281,286,291,296,301,306,311,316,322,327,333,338,344,349,356,362,368,374,381,387,394,400,407,414,421,428,436,442,450,458,465,473,482,490,498,507,515,524,533,542,551,560,570,579,589,599,609,623,636,650,665,679,694,709,723,684,699,694,482,521,637,544,601,668,706,857,781,860,858,948,932,915,1067,1067,1081,1074,1138,1165,1363,1446,1649,1912,2069,2052,1943,1804,1470,1351,1209,1199,1179,1241,1295,1388,1490,1574,1748,1885,2062,2421,2417,2366,2378,2420,2458,2415,2300,2285,2336,2384,2410,2428,2445,2464,2487,2516,2551,2592,2638,2689,2744,2800,2859,2920,2982,3045,3110,3176,3243,3312,3382,3454,3527,3603,3679,3757,3837
sle,Sierra Leone,170,170,170,170,170,170,170,170,170,170,170,170,170,170,170,170,170,170,170,170,170,171,172,173,173,174,175,176,177,178,178,179,180,181,182,183,184,185,186,186,188,188,189,190,191,192,193,194,195,196,197,198,198,200,200,202,202,203,204,206,206,207,208,209,210,212,212,214,215,215,217,218,219,220,221,222,223,224,225,226,227,228,229,231,232,233,234,235,236,237,239,240,241,242,243,244,245,247,248,249,250,251,253,254,255,256,258,259,260,261,263,264,265,266,267,268,268,268,269,269,270,268,265,263,262,259,258,256,254,252,250,248,246,244,242,240,238,236,234,232,230,229,227,226,224,222,221,219,217,216,214,224,228,233,243,248,255,260,264,275,280,279,285,283,280,294,305,296,318,338,342,335,330,333,337,328,317,311,314,321,321,324,320,311,314,312,306,309,306,382,343,300,221,269,264,287,329,313,269,233,210,220,291,376,367,367,373,446,509,529,499,500,601,740,772,611,544,567,510,540,510,514,521,530,545,560,575,590,605,620,634,649,664,678,693,707,723,738,754,769,786,803,820,837,855,873,891,910,930,949,969
slv,El Salvador,329,330,330,330,330,330,330,330,330,330,330,330,330,330,330,330,330,330,330,330,330,333,335,336,338,340,342,344,346,348,350,352,354,356,358,360,362,364,367,369,371,373,375,377,379,381,384,386,388,390,392,395,397,399,401,404,406,408,410,413,415,417,419,422,424,426,429,431,433,436,438,440,443,445,448,450,453,455,457,460,462,465,467,470,472,475,477,480,482,485,487,490,493,495,498,501,503,506,508,511,513,516,519,521,524,527,530,532,535,537,541,538,536,534,532,529,527,525,522,520,517,510,528,541,565,514,593,514,585,578,580,513,457,512,521,567,547,591,542,574,617,596,636,685,639,606,608,756,947,846,826,822,860,897,882,901,945,966,957,970,979,993,1090,1115,1196,1235,1291,1331,1342,1355,1357,1397,1457,1512,1586,1651,1690,1764,1846,1787,1627,1523,1464,1474,1500,1518,1514,1538,1549,1566,1626,1642,1806,1967,2127,2358,2493,2648,2764,2815,2849,2864,2914,2969,2974,3065,3200,3320,3477,3387,3425,3561,3638,3754,3752,3820,3900,3924,3978,4056,3630,3764,3851,3930,4001,4064,4126,4191,4259,4332,4412,4496,4585,4679,4776,4877,4980,5085,5193,5304,5416,5531,5649,5769,5891,6016,6144,6274,6408,6543,6682
som,Somalia,195,195,195,195,195,196,196,196,196,197,197,197,197,197,197,198,198,198,198,198,198,199,199,199,199,199,200,200,200,200,200,200,201,201,201,201,202,202,202,202,202,202,203,203,203,203,204,204,204,204,204,204,205,205,205,205,205,205,206,206,206,206,207,207,207,207,207,208,208,208,208,208,209,209,209,209,209,210,210,210,210,211,211,211,211,211,211,212,212,212,212,212,212,213,213,213,213,214,214,214,214,214,215,215,215,215,216,216,216,216,216,216,217,217,218,220,221,223,224,226,227,229,230,232,234,235,237,239,240,242,244,245,247,249,250,252,254,256,257,259,261,263,265,267,268,270,272,274,276,278,280,291,295,300,312,316,321,327,330,342,340,349,357,363,317,290,324,336,334,286,304,308,353,307,299,322,288,294,279,244,235,243,249,223,234,258,252,275,270,273,235,509,449,451,356,352,358,338,335,334,333,333,335,337,339,340,340,340,340,340,339,339,340,342,343,344,333,316,323,336,320,320,321,322,325,328,332,337,342,348,354,360,367,375,382,390,398,407,416,425,434,443,452,462,472,482,492,502,513,524,535
srb,Serbia,800,800,800,800,800,800,800,800,800,801,801,801,801,801,802,802,802,802,802,802,802,809,815,822,829,835,842,849,856,863,870,878,884,892,899,906,914,922,929,937,944,952,960,968,976,983,992,1000,1008,1017,1024,1029,1033,1037,1041,1044,1049,1053,1057,1061,1066,1069,1073,1078,1082,1087,1091,1095,1099,1103,1108,1127,1147,1167,1187,1207,1228,1249,1271,1294,1316,1339,1362,1386,1410,1435,1459,1485,1511,1537,1563,1575,1585,1596,1608,1619,1630,1641,1652,1664,1675,1702,1730,1758,1786,1815,1845,1874,1905,1935,1966,1966,1967,1967,1960,1954,1947,1941,1934,1927,1921,1936,1959,1988,2054,2077,2142,2030,2127,2156,2035,1900,1659,1647,1643,1557,1692,1653,1715,1740,1680,1621,1564,1508,1453,1401,1349,1299,1485,1563,1402,1395,1231,1423,1355,1565,1482,1907,1831,2353,2392,2446,2567,2855,3130,3169,3453,3517,3584,4004,4124,4523,4731,5011,5449,5611,5910,6395,6738,7347,7372,7545,7646,7536,7707,7747,8051,7962,7890,8074,7237,6620,4944,3544,3751,4096,4357,4684,4722,4060,2415,2262,2215,3331,4258,4850,5229,5984,7305,7748,7397,7204,6890,7240,6886,6619,6333,6071,6675,7174,7420,7820,8205,8566,8941,9337,9745,10158,10563,10949,11309,11640,11948,12238,12517,12791,13067,13345,13629,13918,14214,14516,14824,15139,15460,15788,16124,16466,16815,17172,17537
ssd,South Sudan,129,129,129,129,129,129,129,129,129,129,129,129,129,129,129,129,129,130,130,130,130,130,131,131,132,133,133,134,135,135,136,136,137,138,139,139,140,141,141,142,143,143,144,145,145,146,147,148,148,149,150,151,151,152,153,153,154,155,156,156,157,158,159,159,160,161,162,162,163,164,165,166,167,167,168,169,170,171,171,172,173,174,175,176,177,177,178,179,180,181,182,183,183,184,185,186,187,188,189,190,190,192,192,193,194,195,196,197,198,199,200,201,202,203,207,211,215,220,224,229,233,239,245,251,257,263,270,277,283,290,298,305,312,320,328,336,344,352,361,369,378,388,397,407,416,427,437,447,458,469,480,492,504,516,528,541,585,564,573,626,623,610,639,607,589,617,597,566,588,612,573,599,573,512,550,604,697,782,747,649,635,631,691,664,612,554,562,565,563,596,535,555,568,569,565,567,580,621,640,670,713,736,759,791,809,856,919,998,1004,1008,1022,943,963,1300,1379,1211,1064,1171,1124,1099,997,1021,1056,1083,1101,1119,1136,1153,1171,1190,1211,1234,1259,1284,1311,1338,1366,1395,1425,1455,1486,1518,1550,1583,1616,1651,1686,1722,1758,1796,1834
stp,Sao Tome and Principe,292,293,293,294,295,295,296,296,297,297,298,298,299,300,300,300,301,302,302,303,303,304,305,305,306,306,307,308,308,308,309,310,310,311,312,312,312,313,314,314,315,315,316,317,317,318,318,319,320,320,321,321,322,323,323,324,324,325,326,326,327,327,328,329,329,330,330,331,332,332,333,333,334,335,335,336,337,337,338,338,339,340,340,341,341,342,343,344,344,345,346,346,347,347,348,349,349,350,351,351,352,352,353,354,355,355,356,356,357,358,359,359,360,360,361,362,362,363,364,364,365,369,372,376,380,384,388,391,395,399,403,406,410,414,418,422,426,430,433,438,442,443,444,445,446,447,448,450,451,451,452,451,450,450,469,421,444,440,483,432,478,514,548,581,613,642,679,709,737,766,793,823,822,818,849,874,861,1030,1030,1166,1127,985,997,940,866,928,857,814,813,821,785,781,774,774,781,787,787,783,790,797,787,796,800,836,917,1038,1170,1189,1236,1273,1344,1373,1394,1603,1799,1832,1878,1853,1947,1987,2060,2074,2140,2182,2232,2284,2247,2216,2195,2187,2191,2208,2236,2272,2315,2361,2410,2461,2513,2566,2621,2676,2733,2791,2850,2911,2973,3036,3100,3166,3233
sur,Suriname,765,766,766,766,766,766,766,766,766,766,766,766,766,766,767,767,767,767,768,768,768,773,778,784,789,794,799,804,810,816,821,827,832,837,843,849,855,860,867,872,878,884,890,896,902,908,914,921,927,933,940,946,952,959,965,971,978,985,991,998,1005,1011,1019,1025,1032,1039,1046,1053,1061,1068,1075,1082,1089,1097,1104,1112,1119,1127,1134,1142,1150,1157,1165,1173,1181,1189,1197,1205,1213,1221,1230,1238,1247,1255,1263,1272,1280,1289,1298,1307,1316,1324,1334,1342,1352,1360,1370,1379,1388,1398,1407,1417,1426,1436,1457,1479,1502,1524,1547,1570,1594,1620,1646,1673,1700,1728,1756,1784,1813,1843,1873,1903,1934,1965,1997,2029,2062,2095,2129,2164,2199,2219,2240,2261,2281,2302,2323,2344,2365,2386,2407,2446,2485,2524,2564,2605,2645,2687,2729,2771,2814,2890,2968,3047,3127,3210,3294,3380,3468,3558,3649,3892,4111,4332,4083,4548,5004,5556,5885,5558,5100,5482,5269,5070,4968,5632,5483,5015,5367,4061,2566,2013,1772,1631,1814,2103,2555,2882,3238,3033,2954,2453,2812,3066,3695,4204,5030,6257,7668,8360,9062,9217,9689,10030,10218,9873,7711,6475,6217,6308,4620,4596,4611,4650,4671,4675,4666,4663,4673,4698,4742,4803,4879,4967,5065,5169,5277,5388,5502,5619,5738,5860,5985,6112,6242,6374,6509,6648,6789,6933,7080
svk,Slovak Republic,807,807,807,807,808,808,808,808,808,808,808,808,808,809,809,809,809,809,809,809,809,816,822,829,836,843,850,857,863,871,878,885,892,900,907,914,922,929,937,944,952,960,968,976,984,992,1000,1008,1016,1025,1033,1037,1041,1045,1050,1054,1058,1062,1066,1070,1074,1079,1083,1087,1091,1096,1101,1105,1109,1113,1117,1132,1147,1162,1177,1193,1208,1225,1240,1256,1273,1289,1306,1323,1341,1359,1376,1394,1412,1431,1450,1470,1491,1512,1533,1554,1577,1599,1621,1644,1668,1691,1716,1740,1766,1791,1816,1843,1869,1896,1923,1956,1990,2025,2002,1979,1957,1935,1913,1892,1870,2017,1941,2082,2279,2524,2496,2667,2886,2950,2837,2725,2600,2477,2372,2340,2524,2799,2818,2836,2855,2873,2892,2911,2930,2949,2968,2988,3007,3173,3410,3432,3505,3454,3558,3822,3978,4150,4396,4525,4800,4947,4986,4865,5061,5217,5417,5632,5880,6007,6115,6298,6488,6660,6850,6996,6982,7171,7134,7072,7153,7010,7045,7050,7112,7065,7329,7476,7597,7651,7443,6346,5932,6022,6370,6723,7870,8491,8576,8368,8294,8401,8772,9700,11831,14373,16110,18498,20897,20541,20812,20331,20114,20385,20160,19646,18633,18094,19078,19596,18920,19778,20629,21393,22028,22656,23194,23742,24295,24852,25412,25975,26541,27113,27694,28284,28886,29499,30126,30765,31419,32085,32766,33462,34173,34898,35639,36396,37168,37958,38763
svn,Slovenia,1185,1185,1185,1185,1185,1185,1185,1185,1185,1185,1187,1187,1187,1187,1188,1188,1188,1188,1188,1188,1188,1197,1207,1218,1227,1238,1248,1258,1268,1279,1289,1300,1310,1321,1332,1343,1354,1365,1376,1388,1399,1410,1422,1434,1446,1458,1469,1481,1494,1505,1518,1524,1530,1536,1542,1548,1554,1560,1566,1573,1579,1584,1591,1597,1603,1610,1616,1622,1628,1634,1640,1669,1698,1728,1758,1789,1819,1852,1883,1916,1949,1983,2018,2052,2089,2125,2162,2200,2238,2277,2316,2332,2349,2365,2381,2398,2414,2431,2448,2465,2482,2522,2563,2605,2646,2688,2732,2776,2821,2866,2913,2913,2914,2914,2905,2894,2884,2875,2865,2856,2845,2876,2920,3017,3175,3272,3436,3318,3544,3662,3523,3354,2986,3022,3075,2973,3296,3287,3483,3605,3553,3502,3451,3400,3349,3299,3250,3200,3742,4028,3697,3766,3403,3552,3999,4327,4229,4699,5195,5454,6198,6727,6972,7721,8394,8381,8783,9007,9516,10375,11304,12082,12649,13394,14615,15344,15605,16650,17956,19209,19052,18890,18570,18531,18748,18797,19252,19043,18377,18187,16621,15132,14326,14768,15573,16209,16740,17608,17374,17608,16902,16083,15912,17603,20452,23186,24675,26997,29825,29285,29184,28605,26347,26034,26053,24710,24188,24111,25628,26444,25360,26198,27299,28232,29097,29907,30657,31419,32186,32954,33718,34481,35244,36010,36785,37570,38369,39185,40017,40866,41734,42620,43525,44449,45392,46357,47341,48346,49372,50420,51491
swe,Sweden,2049,2030,2126,2105,1968,2092,2117,2028,1920,1831,1980,2126,1992,2028,2045,2117,2157,2095,2110,2092,2122,2186,2198,2174,2230,2290,2298,2187,2229,2259,2202,2246,2186,2255,2284,2276,2348,2331,2294,2319,2352,2324,2215,2262,2360,2416,2331,2391,2418,2508,2573,2524,2468,2500,2528,2682,2657,2729,2761,2859,2911,2798,2712,2829,2879,2930,2881,2924,2661,2854,3216,3329,3389,3426,3556,3429,3647,3566,3437,3625,3539,3666,3531,3797,3716,3784,3820,3707,3767,3824,3909,4123,4069,4167,4187,4392,4505,4683,4843,4963,4981,5109,5044,5309,5399,5322,5746,6128,5939,5971,6081,6232,6468,6872,7017,7262,7664,7200,6652,6755,7183,6815,7303,7535,8049,8233,8635,8914,9171,9715,10133,9874,9489,9644,10269,10741,11096,11370,11719,12557,11610,11268,11337,11670,11981,12302,13501,14565,14735,15193,16115,16617,16731,17085,17701,18092,18644,19351,19329,19819,20777,21893,22734,23860,25351,26127,26472,27212,28098,29358,31030,31171,31855,33126,34154,34956,35270,34653,35226,36572,37181,37203,37630,38347,39910,40693,41570,42770,43570,47513,50166,51402,53397,47413,45660,44719,47658,49175,49136,48686,47407,43651,42387,45644,52131,57960,61190,64811,67500,63231,64969,65985,66960,69259,68271,64880,60398,57803,57941,57483,54050,54475,55553,56337,57000,57684,58404,59165,59993,60911,61930,63050,64261,65550,66903,68304,69747,71225,72736,74279,75857,77467,79112,80791,82507,84258,86047,87874,89739,91644,93591
swz,Eswatini,251,251,251,251,251,251,251,251,251,251,251,251,251,251,251,251,251,251,251,251,251,252,254,255,256,257,258,260,261,262,263,265,266,268,268,270,271,273,274,275,277,278,279,281,282,283,285,286,287,289,290,291,293,294,296,297,299,300,302,303,305,306,307,309,310,312,313,315,316,318,320,321,322,324,326,327,329,330,332,334,335,337,338,340,342,343,345,347,348,350,352,354,355,357,359,360,363,364,365,368,369,371,373,375,376,378,380,382,384,385,387,390,391,393,399,405,411,417,423,430,436,434,432,429,426,423,421,418,415,411,408,405,401,397,394,390,385,381,377,373,369,364,359,354,349,344,339,334,329,323,318,328,330,336,346,349,354,359,360,371,412,455,540,558,628,711,725,777,725,740,939,953,1050,1062,1236,1609,1778,1752,1729,1714,1696,1763,1745,1684,1674,1654,1896,2018,2080,2194,2331,2384,2675,2656,2589,2899,3026,3070,2748,2691,2505,2497,2288,2369,2830,3900,4108,4312,4070,3988,4115,4492,4884,4953,4557,4220,3833,3695,3770,3760,3410,3422,3416,3417,3449,3486,3527,3571,3620,3673,3734,3801,3873,3951,4032,4116,4203,4292,4383,4476,4571,4669,4767,4869,4972,5078,5186,5296,5408,5523,5640
syc,Seychelles,512,515,517,519,521,522,525,527,529,531,533,536,537,539,542,544,546,548,550,552,555,557,559,561,564,566,568,570,572,575,577,580,582,584,587,588,591,594,596,598,600,603,605,608,610,613,615,618,620,622,625,627,630,632,635,637,640,642,645,647,650,653,655,658,660,663,665,668,671,673,676,679,682,684,687,690,693,695,698,701,704,706,709,712,715,717,720,723,726,729,732,735,738,741,744,746,750,752,756,759,761,764,768,770,774,777,780,783,786,789,792,796,798,801,832,862,895,928,963,999,1036,1061,1087,1113,1140,1167,1195,1222,1251,1280,1309,1338,1368,1398,1429,1460,1491,1522,1554,1586,1618,1634,1650,1665,1680,1694,1707,1720,1731,1743,1753,1850,1879,1910,1992,1984,1964,2003,2016,2066,2169,2031,2190,2377,2446,2435,2475,2460,2647,2619,2784,3186,3367,3679,3724,3820,4427,4787,5221,6012,5834,5456,5395,5325,5769,6380,6475,6779,7151,8268,9090,9182,10223,10744,10768,10291,10566,11483,11561,11339,10933,10737,9981,10439,12158,14107,15662,15215,13544,12288,12154,12301,13077,14233,14731,15570,15377,15609,16401,16090,12200,12315,12725,13138,13516,13895,14256,14623,14991,15358,15722,16083,16443,16802,17165,17531,17905,18285,18674,19070,19475,19888,20310,20741,21182,21632,22091,22560,23039,23528,24027
syr,Syria,860,860,860,860,860,860,860,861,861,861,861,861,861,862,862,862,862,862,862,863,863,867,872,876,881,885,890,895,899,904,909,914,918,923,927,932,937,942,947,952,957,961,967,972,977,981,987,992,997,1002,1007,1013,1018,1023,1029,1034,1039,1044,1050,1056,1061,1066,1071,1077,1082,1089,1094,1100,1105,1111,1117,1127,1137,1148,1158,1169,1179,1190,1201,1212,1223,1234,1245,1257,1268,1280,1292,1303,1315,1327,1339,1351,1363,1376,1388,1401,1414,1426,1440,1453,1466,1479,1493,1507,1520,1534,1548,1562,1576,1591,1605,1620,1635,1649,1677,1705,1734,1763,1793,1823,1854,1885,1917,1948,1981,2015,2048,2083,2118,2153,2189,2227,2264,2302,2340,2380,2420,2461,2501,2544,2586,2630,2674,2719,2764,2811,2859,2906,2955,3005,3055,2873,3535,3913,4381,3856,4452,4602,3856,3886,3836,4020,4817,4661,4614,4457,3983,4176,4195,4823,4492,4770,5766,5097,6118,7067,7583,7240,7611,7626,8259,8744,8611,8423,7795,7981,7323,7209,7892,6954,7233,7502,7962,8018,7936,7846,7576,7027,6960,6337,6104,6433,6819,7178,7638,8104,8889,9899,10866,11940,12844,6610,3241,1513,1247,1055,922,872,958,1192,1218,1246,1267,1283,1307,1330,1352,1375,1398,1424,1450,1479,1508,1539,1572,1605,1639,1674,1709,1745,1782,1820,1859,1898,1939,1980,2022,2065,2109,2153,2199
tcd,Chad,229,229,229,229,229,229,229,230,230,230,230,230,230,230,230,230,230,230,230,230,230,231,232,233,235,236,237,238,239,241,242,243,244,246,247,248,249,250,251,252,254,255,256,257,259,260,261,262,264,265,266,267,269,270,271,273,274,275,277,278,280,280,282,283,285,286,288,289,290,292,293,294,296,298,299,301,302,303,305,307,308,309,311,312,313,315,317,318,320,321,323,325,326,328,329,331,332,334,336,337,339,340,342,344,345,347,349,350,352,354,356,358,359,361,367,373,379,385,392,398,405,407,409,411,414,416,418,420,422,423,426,428,430,432,434,436,438,440,441,443,445,447,448,450,451,453,455,456,457,459,460,471,481,492,502,512,523,534,546,556,550,554,577,563,543,538,522,519,509,537,540,543,499,469,526,608,591,538,528,410,387,348,353,392,411,442,459,463,486,492,488,512,562,404,363,335,314,329,347,311,270,279,291,293,445,595,660,781,848,997,1082,1036,1088,1087,1081,977,811,698,708,713,630,623,620,620,629,640,646,653,661,669,680,691,704,718,733,748,764,780,797,814,831,848,866,885,904,923,943,962,983,1003,1025
tgo,Togo,406,407,407,407,407,407,407,407,407,407,407,408,408,408,408,408,408,408,408,408,408,410,412,414,416,418,420,422,424,426,428,430,433,435,436,439,441,443,445,447,450,452,454,456,459,460,463,465,468,469,471,474,476,479,481,483,485,488,490,492,495,497,500,502,505,507,510,512,515,517,519,522,525,527,530,532,535,537,540,542,545,548,550,554,556,559,561,564,566,570,572,575,578,581,583,586,589,592,595,597,601,603,606,610,612,616,618,621,625,627,630,633,636,640,640,640,640,641,641,641,641,636,632,628,624,619,616,611,606,603,598,594,590,586,581,578,573,569,565,561,556,555,553,550,548,545,544,541,539,537,534,543,552,560,569,577,586,595,602,610,649,675,682,696,773,854,907,930,949,1021,973,1011,1014,941,951,916,883,903,963,988,912,823,763,697,710,709,705,662,702,728,723,706,716,555,511,478,486,548,521,482,465,426,437,488,511,507,510,520,569,637,666,710,669,695,706,711,744,785,916,937,920,929,948,971,1000,1029,1060,1090,1121,1151,1180,1208,1237,1264,1292,1320,1348,1377,1406,1435,1466,1497,1529,1561,1594,1628,1663,1698,1734,1771,1809
tha,Thailand,368,368,368,368,368,368,368,368,368,368,368,368,368,368,368,368,368,368,368,368,368,368,369,369,370,370,371,371,372,372,373,373,374,374,374,375,375,376,376,377,378,378,378,379,379,380,380,381,381,382,382,383,383,384,384,385,385,386,386,387,387,388,388,389,389,390,390,391,391,392,392,397,402,407,413,418,423,429,434,440,445,451,457,463,469,475,481,487,493,500,506,507,509,511,512,514,515,517,518,520,521,523,525,526,528,530,531,533,534,536,538,539,541,543,541,539,537,535,533,531,529,527,525,523,521,519,517,515,513,512,514,516,519,521,523,526,528,531,533,532,532,531,531,531,530,530,529,528,528,527,527,547,561,603,579,609,600,587,590,640,695,705,733,765,788,821,881,922,963,1004,1033,1046,1054,1123,1139,1161,1231,1317,1410,1444,1468,1516,1559,1607,1661,1700,1756,1883,2089,2404,2693,2931,3203,3581,3958,4365,4625,4198,3285,3080,2969,2879,2900,3038,3315,3533,3859,4374,4809,4973,5447,5761,6255,6410,6356,6341,6333,6507,6883,7398,7040,7205,7597,7873,8136,8426,8728,9033,9334,9625,9902,10165,10414,10656,10893,11130,11368,11610,11857,12108,12366,12628,12896,13170,13449,13735,14027,14325,14629,14939,15257
tjk,Tajikistan,121,121,121,121,121,121,121,121,121,121,121,122,122,122,122,122,122,122,122,122,122,123,123,124,125,126,126,127,127,128,129,130,131,131,132,133,134,134,135,136,137,137,138,139,140,140,141,142,143,144,144,145,146,147,148,149,149,150,151,152,153,154,155,156,156,157,158,159,160,161,162,163,164,164,165,166,167,168,169,170,171,172,173,174,175,176,169,198,190,177,176,161,176,199,226,209,230,227,232,246,241,247,268,249,275,244,233,223,244,253,270,249,269,282,269,277,246,216,132,114,114,105,121,139,176,220,246,256,269,272,283,286,280,291,317,362,386,417,415,431,412,404,396,388,385,382,379,425,486,536,587,586,620,643,670,722,785,795,848,832,904,934,938,898,994,1031,1062,1090,1134,1131,1198,1209,1194,1271,1234,1198,1162,1128,1094,1061,1029,995,960,956,931,901,882,824,889,789,753,685,477,404,363,335,267,266,284,280,255,235,248,293,354,481,585,719,909,961,1094,1187,1303,1491,1490,1399,1233,1123,1073,1090,1060,1092,1120,1144,1170,1196,1224,1252,1281,1310,1339,1368,1398,1428,1459,1490,1521,1554,1587,1621,1655,1690,1726,1763,1800,1838,1877,1917,1958,1999,2042
tkm,Turkmenistan,273,273,274,274,274,275,275,275,276,276,276,277,277,277,278,278,278,279,279,279,280,282,283,285,287,289,291,293,295,296,298,300,302,304,306,308,310,312,314,316,318,320,322,324,326,329,331,333,335,337,339,342,344,346,348,351,353,355,358,360,362,364,367,369,372,374,376,379,381,384,386,389,391,394,397,399,402,404,407,410,412,415,417,420,423,425,409,479,461,428,426,391,428,485,552,510,562,553,568,603,589,604,657,611,676,599,572,550,601,624,666,615,665,699,667,687,611,536,328,283,284,260,303,349,443,554,623,650,684,692,724,732,721,749,819,937,1002,1086,1084,1129,1084,1064,1045,1027,997,968,940,1034,1156,1249,1339,1308,1354,1374,1401,1477,1572,1559,1628,1563,1661,1717,1727,1654,1832,1903,1962,2016,2101,2098,2225,2248,2225,2373,2336,2299,2263,2228,2193,2158,2125,2099,2076,2069,2004,1968,1979,1981,2116,1901,1868,1732,1431,1412,874,988,956,862,884,964,900,955,1093,1380,1716,2013,2353,2874,3683,4264,4840,5505,6301,7296,7945,7807,7589,6954,7019,7357,7306,7564,7778,8003,8231,8459,8687,8918,9149,9379,9605,9829,10051,10272,10494,10719,10948,11180,11417,11660,11907,12160,12418,12682,12951,13226,13507,13794,14086,14385,14691
tls,Timor-Leste,263,264,264,264,265,265,266,266,267,268,268,268,269,270,270,271,272,272,273,273,273,274,274,275,275,276,277,277,278,278,279,279,280,281,281,282,282,282,283,284,285,285,286,286,287,287,288,289,289,290,290,291,291,291,292,293,294,294,295,295,296,296,297,298,298,299,300,300,301,301,302,302,303,304,304,305,305,306,307,307,308,308,309,310,310,311,311,312,313,313,314,315,315,316,316,317,318,318,319,319,320,321,321,322,323,324,324,325,325,326,326,328,328,328,329,330,330,331,332,333,333,334,334,335,336,337,338,338,339,339,341,341,342,342,343,344,345,346,347,347,347,349,349,350,351,351,352,353,354,355,355,356,356,358,358,359,360,360,361,362,363,379,397,414,431,449,466,483,501,518,536,547,558,569,591,614,637,661,685,709,733,758,784,809,834,860,887,913,939,966,992,1047,1097,1150,1212,1290,1410,1467,1438,920,1050,1199,1093,934,1022,1178,1631,2280,3610,2799,3389,4341,4046,3597,2990,2443,1944,1962,1895,2089,1990,1803,1832,1827,1809,1827,1848,1872,1898,1925,1957,1992,2030,2071,2114,2158,2204,2250,2298,2347,2397,2447,2500,2552,2606,2662,2719,2776,2835,2896,2957
ton,Tonga,365,365,365,365,365,365,365,365,365,365,365,365,365,365,365,365,365,365,365,365,366,367,368,369,371,372,373,374,376,377,378,380,381,382,384,385,387,388,388,390,391,393,394,395,397,398,400,401,402,404,405,406,408,409,411,412,414,415,416,417,419,421,421,423,424,426,428,429,430,432,433,435,437,438,439,441,442,444,445,447,448,450,452,453,454,456,457,459,461,462,464,465,467,468,470,472,474,475,477,479,480,482,483,485,486,488,489,491,493,495,496,498,500,502,508,514,520,527,533,540,547,553,559,565,572,578,584,591,597,604,611,617,624,631,638,645,652,659,667,675,682,689,697,705,712,721,728,737,744,752,761,770,778,786,795,804,812,821,831,840,849,857,864,872,879,888,896,904,912,920,928,937,945,953,991,1022,1026,1062,1065,1070,1231,1404,1621,1732,1777,1900,1937,1983,1927,2113,2205,2384,2471,2572,3001,3330,3715,3666,3538,3375,3119,2982,2914,2787,2830,3052,3386,3593,3961,3820,4008,4434,4895,5088,5076,4931,4900,5003,4998,5248,5190,5068,5201,5391,5558,5677,5785,5895,6009,6127,6251,6378,6510,6646,6786,6929,7076,7227,7380,7537,7697,7860,8027,8198,8372,8549,8730,8916,9105,9298,9496
tto,Trinidad and Tobago,921,921,922,922,922,922,922,922,923,923,923,923,923,924,924,924,924,924,924,925,925,929,934,939,945,950,955,960,965,971,976,982,986,992,997,1002,1008,1014,1019,1024,1030,1036,1041,1047,1053,1059,1065,1070,1075,1081,1087,1093,1099,1105,1112,1118,1124,1130,1136,1142,1148,1154,1160,1167,1173,1180,1186,1193,1199,1205,1212,1219,1225,1231,1238,1245,1252,1258,1266,1273,1280,1286,1294,1300,1307,1315,1321,1329,1337,1343,1351,1358,1365,1373,1381,1388,1396,1403,1410,1418,1426,1434,1441,1449,1457,1465,1473,1481,1489,1497,1505,1513,1522,1530,1564,1599,1633,1670,1706,1744,1783,1847,1914,1983,2054,2127,2203,2281,2361,2444,2529,2617,2707,2801,2897,2996,3099,3205,3312,3424,3540,3629,3720,3814,3909,4005,4103,4203,4304,4408,4512,4783,4841,4857,4808,5302,6214,6564,6890,7054,7678,7727,7799,7939,7933,8091,8213,8205,8486,8599,8850,8751,8995,8920,9157,9082,9655,9937,10748,10881,11372,11500,10453,9291,9502,8798,8221,7588,7078,6611,6704,6869,7531,6860,6398,6325,6631,7050,7297,7606,8099,8915,9850,11247,12709,14170,16533,18585,21018,19459,19575,17421,19083,21013,20480,21001,18755,17418,16651,16895,15420,15659,16220,16479,16638,16803,16976,17160,17369,17608,17882,18191,18531,18897,19284,19687,20102,20528,20963,21408,21863,22327,22801,23285,23780,24284,24800,25326,25864,26413,26974
tun,Tunisia,373,373,373,372,372,372,372,372,372,372,372,372,372,371,371,371,371,371,371,371,371,374,377,379,383,385,388,392,394,398,401,404,407,410,413,417,420,423,426,430,433,436,440,443,447,450,454,457,461,464,468,472,475,479,482,486,490,494,497,502,505,509,513,517,521,525,529,534,538,542,546,551,555,559,563,568,572,577,581,585,590,595,599,604,609,613,618,623,628,633,638,642,648,652,657,663,668,673,678,683,689,694,699,705,710,716,721,727,733,738,744,750,756,761,767,771,776,781,786,791,796,801,806,811,817,822,827,832,837,842,848,853,858,864,870,875,881,886,892,897,903,909,914,921,926,932,938,944,950,956,962,954,1053,1074,1078,1004,1055,1000,1114,1050,1159,1234,1181,1328,1351,1400,1395,1349,1453,1467,1518,1640,1885,1824,1916,1993,2085,2095,2174,2254,2351,2411,2342,2398,2411,2474,2367,2456,2396,2349,2548,2578,2862,2791,2820,2852,3088,3321,3396,3515,3404,3290,3176,3415,3799,4002,4146,4386,4676,4889,5007,4806,4895,4886,4833,4653,4422,4087,3884,3648,3300,3393,3444,3482,3518,3552,3589,3628,3673,3723,3782,3848,3919,3997,4079,4164,4252,4342,4434,4528,4624,4722,4823,4925,5030,5136,5245,5357,5470,5587,5705
tur,Turkey,318,318,318,319,319,319,319,319,320,320,320,321,321,321,321,321,322,322,322,322,323,324,325,326,327,328,330,331,332,333,334,336,337,338,339,340,342,343,344,345,346,348,349,350,352,353,354,355,357,358,359,361,362,363,364,366,367,368,370,371,372,374,375,376,378,379,380,382,383,384,386,388,390,392,394,397,399,401,403,405,407,410,412,414,416,419,421,423,426,428,430,433,435,437,440,442,445,447,450,452,454,457,460,462,465,467,470,472,475,477,480,483,485,488,435,388,346,309,276,286,297,308,319,331,359,397,458,413,451,515,530,553,511,569,573,576,674,684,732,770,711,640,660,594,562,481,606,626,695,645,689,761,835,909,864,912,920,967,985,1004,1007,1010,1060,1149,1186,1207,1338,1386,1467,1532,1593,1722,1815,1876,2005,2160,2326,2407,2457,2419,2386,2457,2548,2611,2731,2842,3014,3250,3350,3497,4174,4573,5009,5279,4419,4540,4578,4997,5433,5584,6479,5258,5231,5505,6905,8636,9810,11089,11932,11580,12475,13162,13553,14121,13937,13360,12511,11957,10945,9874,9050,9483,9700,9925,10162,10406,10658,10915,11173,11433,11694,11955,12217,12481,12749,13021,13297,13580,13868,14163,14463,14771,15084,15404,15731,16065,16406,16755,17110,17474,17845
tuv,Tuvalu,948,948,948,948,948,948,948,948,948,948,949,949,949,949,949,949,949,949,949,951,951,953,958,960,964,967,969,973,975,980,984,986,991,993,997,999,1004,1006,1010,1014,1017,1020,1024,1027,1031,1034,1038,1041,1044,1048,1052,1057,1059,1063,1066,1070,1073,1077,1081,1085,1087,1092,1096,1099,1104,1106,1110,1114,1118,1122,1126,1130,1135,1138,1140,1144,1149,1152,1157,1160,1164,1169,1172,1176,1181,1184,1188,1192,1197,1202,1205,1209,1214,1217,1221,1225,1229,1234,1238,1242,1247,1250,1255,1260,1263,1267,1273,1276,1281,1285,1289,1294,1297,1303,1315,1328,1340,1353,1366,1377,1392,1406,1419,1433,1448,1462,1477,1491,1506,1521,1537,1552,1567,1583,1598,1613,1630,1646,1663,1678,1696,1712,1730,1747,1764,1781,1799,1817,1834,1853,1870,1889,1908,1926,1945,1965,1985,2003,2023,2043,2063,2083,2102,2122,2142,2162,2182,2201,2221,2242,2262,2289,2288,3032,3461,3431,3413,3466,3629,3670,3368,3091,2457,2412,2547,2455,2400,2590,2809,2708,3080,3151,3209,3310,3629,3430,3217,3538,4083,4013,3954,3980,4823,3470,4245,4597,4706,5575,5645,5802,5233,5505,5020,6231,5153,6042,5622,5243,5665,5727,5820,5941,6127,6333,6559,6795,7039,7286,7529,7764,7987,8199,8401,8596,8788,8978,9171,9365,9564,9768,9974,10186,10403,10623,10849,11079,11314,11554,11800,12051,12307
tza,Tanzania,163,163,163,163,163,163,163,163,163,163,163,163,163,163,163,163,163,163,164,164,164,164,165,165,165,166,166,167,167,167,168,169,169,170,170,170,171,171,172,172,173,173,174,174,174,175,175,176,177,177,177,177,177,177,177,176,176,176,175,175,175,174,174,174,173,173,173,173,172,172,172,171,171,171,171,170,170,170,170,169,169,169,168,168,167,167,167,166,166,166,165,165,165,164,164,163,163,163,162,162,161,161,161,160,160,159,159,159,158,158,158,157,157,156,156,155,155,154,154,153,153,155,156,158,160,161,163,165,166,168,170,172,173,175,177,178,180,181,183,185,186,188,190,191,193,194,196,197,199,200,202,222,221,208,219,219,216,215,211,216,219,213,228,239,247,252,279,285,294,294,305,312,326,329,330,340,358,361,365,363,359,348,346,338,340,332,336,345,352,356,361,336,307,286,264,271,298,345,426,513,615,602,612,599,616,633,647,669,727,805,856,896,918,997,1070,1088,1078,1057,1073,1121,1080,1077,1094,1112,1134,1162,1190,1219,1248,1277,1306,1335,1364,1394,1424,1454,1485,1517,1549,1582,1615,1650,1685,1721,1757,1794,1832,1871,1911,1951,1993
uga,Uganda,421,421,421,421,421,421,421,421,421,421,421,421,421,421,421,421,421,421,421,421,421,423,425,428,430,432,434,436,438,440,442,445,447,448,451,453,455,458,460,462,464,467,468,471,473,476,477,481,482,485,488,489,492,494,497,499,501,504,507,509,511,514,516,519,521,524,527,529,531,534,536,539,542,545,547,550,553,554,558,560,562,566,568,571,575,577,580,583,585,588,591,593,596,600,602,605,608,612,614,617,620,623,626,629,632,635,638,642,644,648,651,654,657,660,661,662,665,665,667,668,669,678,686,697,706,716,725,733,743,753,762,772,781,791,801,810,821,831,841,851,861,876,891,906,923,938,955,970,986,1003,1020,954,986,1003,963,998,1025,1041,1018,1041,1060,1014,1020,1099,1142,1128,1156,1178,1166,1249,1222,1219,1194,1158,1126,1070,1044,1028,940,813,763,768,804,834,733,720,694,705,720,728,578,441,324,303,297,366,439,470,458,451,405,367,364,362,367,393,436,483,521,661,809,989,941,897,905,922,889,807,781,805,800,826,842,862,892,926,957,987,1017,1047,1075,1103,1129,1155,1180,1206,1232,1257,1284,1312,1339,1368,1397,1426,1457,1488,1519,1552,1585,1618,1653
ukr,Ukraine,154,154,154,154,155,155,155,155,155,155,156,156,156,156,156,157,157,157,157,157,157,158,159,161,162,163,164,165,166,167,168,169,170,171,172,174,174,176,177,178,179,180,182,183,184,185,186,187,189,190,191,193,194,195,196,198,199,200,201,203,204,205,207,208,209,211,212,213,215,216,217,219,220,222,223,225,226,227,229,231,232,234,235,237,238,240,230,269,259,241,240,220,241,273,310,287,316,311,320,339,332,340,370,344,381,337,322,310,338,351,375,346,374,393,376,387,344,302,185,159,160,147,170,196,249,311,349,364,383,387,405,409,403,418,456,522,558,604,603,628,602,591,580,569,561,552,544,606,688,754,819,811,851,876,905,968,1044,1049,1111,1081,1164,1219,1241,1203,1349,1418,1479,1537,1620,1635,1752,1789,1789,1927,1972,2017,2063,2109,2157,2205,2253,2340,2430,2554,2633,2636,2670,2767,2811,2950,2909,4026,3561,3060,1632,1466,1348,1394,1343,1182,1050,1072,1151,1366,1664,1950,2428,3209,3889,3411,3544,3619,3966,4259,3928,2943,2567,2594,2916,3434,3540,3698,3839,3985,4153,4337,4529,4722,4912,5093,5261,5417,5560,5695,5825,5953,6081,6211,6343,6478,6615,6756,6899,7046,7196,7348,7504,7664,7826,7993,8162
ury,Uruguay,968,972,976,979,983,987,991,994,998,1002,1006,1010,1014,1017,1021,1025,1029,1033,1037,1041,1045,1052,1060,1068,1076,1083,1092,1099,1108,1115,1124,1132,1140,1148,1157,1165,1174,1182,1191,1200,1208,1217,1226,1235,1244,1253,1262,1272,1281,1290,1300,1325,1352,1378,1405,1433,1462,1491,1520,1550,1580,1613,1646,1680,1715,1750,1786,1823,1860,1898,1937,1937,2268,2320,2064,1708,1861,1810,1937,1657,1810,1631,1785,2090,2039,2295,2371,1937,2421,2166,1912,1937,1937,2039,2192,2141,2166,2090,1810,1861,1785,1861,2115,2115,2115,1785,2014,2141,2295,2295,2371,2371,2727,2549,1988,1861,1810,2064,2064,2421,1886,1861,2039,2166,2243,2217,2396,2677,2727,2702,3135,2549,2344,2166,2473,2524,2524,2600,2778,2804,2625,2753,2549,2473,2804,2855,3110,3033,3084,3441,3696,3977,3874,4231,4359,4308,4333,4308,4103,3925,4027,4059,3913,3869,3875,3857,3937,3721,3726,3903,4029,3961,3797,3897,4021,4189,4309,4334,4568,4776,5027,5047,4518,4199,4109,4131,4445,4732,4683,4972,5132,5615,6526,7314,8311,8810,9657,10919,11435,11293,10588,9547,7490,5923,5411,5977,6710,7917,9340,10583,12416,14035,15105,17180,17424,17347,17155,17353,17984,18098,15790,16208,16654,17042,17423,17769,18123,18486,18859,19243,19639,20047,20467,20898,21339,21792,22254,22726,23208,23701,24204,24718,25243,25779,26326,26885,27456,28039,28634,29242,29862
usa,USA,3148,3205,3259,3203,3201,3268,3327,3361,3124,3279,3370,3438,3378,3417,3481,3467,3327,3324,3332,3327,3307,3357,3451,3413,3507,3583,3609,3623,3623,3504,3758,3989,4133,4278,4075,4228,4291,4155,4118,4318,4105,4022,3985,4049,4270,4335,4361,4474,4591,4471,4491,4672,4911,5246,5260,5145,5252,5139,5165,5303,5443,5331,5499,5853,6045,5733,5688,5875,5955,6112,5939,6082,6173,6327,6140,6313,6244,6304,6429,7068,7735,7812,8109,8110,8066,7944,8002,8182,7972,8292,8240,8422,9056,8450,8050,8853,8515,9158,9183,9841,9938,10844,10738,11056,10713,11279,12341,12304,11099,12115,11916,12039,12337,12499,11247,11331,12640,12080,12948,12921,12554,11963,12377,13690,13758,13787,14403,14260,14160,14781,13225,12280,10363,9952,10717,11970,13068,13966,13016,13814,14845,16759,18387,19846,21020,20375,18328,17697,18219,17554,18844,19938,20333,20918,20417,21478,21511,21523,20954,22134,22327,22437,23387,24011,25011,26232,27583,27920,28910,29475,29139,29620,30806,32192,31757,31305,32579,33659,35143,35879,35413,35885,34815,35884,38102,39160,40071,41042,42309,43288,43479,42856,43754,44370,45594,46264,47454,48971,50573,52373,53930,53933,54365,55442,57018,58479,59571,60115,59468,57453,58440,58921,59810,60495,61573,62903,63476,64572,66115,67225,64550,68286,70280,70862,71499,72231,72972,73769,74667,75695,76875,78202,79665,81240,82902,84633,86417,88248,90121,92033,93988,95983,98020,100102,102226,104397,106614,108877,111188,113549,115959
uzb,Uzbekistan,199,199,199,199,199,199,199,199,199,199,199,199,199,199,199,199,199,199,199,199,199,200,201,201,202,203,203,204,204,205,205,206,207,208,208,209,209,210,211,211,212,212,214,214,215,215,216,217,217,218,218,219,220,221,221,222,223,223,224,225,226,226,227,228,228,229,229,231,231,232,232,233,234,235,235,236,237,238,238,239,240,241,241,242,243,244,234,272,261,242,241,220,240,271,308,284,312,306,313,331,323,330,358,332,366,324,308,296,322,333,355,327,352,369,352,361,358,309,268,231,218,205,221,238,257,277,298,321,346,349,364,366,360,373,406,464,494,534,532,552,528,517,506,496,495,495,494,558,640,710,782,784,833,867,908,982,1072,1089,1166,1148,1250,1303,1320,1274,1422,1487,1543,1596,1674,1682,1794,1823,1814,1945,1880,1808,1814,1780,1750,1670,1603,1619,1627,1632,1511,1486,1400,1322,1365,1317,1210,1178,1022,992,940,924,941,956,979,1011,945,823,656,585,603,671,759,954,1187,1381,1677,2013,2448,2723,2869,3043,3100,2692,2197,1906,1740,1796,1859,1929,2000,2074,2152,2231,2308,2383,2453,2520,2583,2643,2703,2761,2821,2881,2942,3004,3068,3133,3200,3268,3337,3408,3480,3554,3630,3707,3785
vct,St. Vincent and the Grenadines,546,546,546,546,546,546,546,546,546,546,546,546,546,547,547,547,547,547,547,547,547,551,555,559,562,566,570,574,578,581,585,590,594,597,602,606,609,613,618,622,627,630,635,639,644,648,652,657,661,666,670,675,679,684,689,693,697,702,707,712,717,722,726,732,736,741,746,751,756,761,767,772,777,782,788,793,798,804,809,814,820,825,831,837,842,848,854,860,866,872,877,883,889,895,901,907,913,920,926,932,938,944,951,958,964,971,977,983,990,997,1004,1010,1017,1024,1034,1044,1054,1064,1075,1085,1096,1105,1114,1123,1132,1141,1150,1159,1169,1179,1187,1197,1206,1216,1226,1236,1246,1256,1265,1275,1286,1296,1306,1317,1326,1337,1348,1359,1369,1380,1391,1435,1482,1530,1579,1629,1682,1737,1793,1850,1909,1960,1999,1846,1886,1875,1848,1649,1731,1754,1914,1960,2454,2169,1967,1807,1985,2031,2219,2285,2332,2432,2534,2583,2748,2913,3071,3081,3512,3697,3885,3885,4225,4556,4386,4604,4703,4809,5038,5149,5204,5361,5756,6104,6197,6281,6810,7322,7583,7592,7243,7134,7252,7352,7051,7285,7555,7619,7706,7602,7310,7296,7649,7894,8129,8341,8557,8777,8999,9219,9437,9654,9869,10085,10303,10523,10747,10976,11209,11447,11690,11938,12191,12450,12714,12984,13260,13542,13829,14123,14422
ven,Venezuela,459,457,454,452,450,448,445,443,441,438,436,434,432,429,427,425,423,421,419,416,414,444,475,509,545,584,625,669,717,768,823,812,917,930,940,921,857,806,725,675,650,725,806,749,749,757,765,733,733,675,806,774,806,856,873,905,700,806,790,798,848,913,806,741,725,765,757,683,691,765,757,741,749,806,889,790,824,832,889,873,921,921,905,946,1004,930,988,1021,1021,1061,1144,1078,972,972,955,1037,913,938,913,774,790,757,709,757,765,774,765,741,725,725,716,683,733,749,864,864,806,840,873,840,815,790,856,897,930,980,1037,1054,1227,1259,1251,1243,1128,1251,1300,1547,1671,1663,1836,1942,2041,1984,1713,1893,2041,2486,2848,2782,3301,3350,3622,3869,3984,4066,4289,4495,4766,5103,4971,5170,5186,5235,5499,5664,6000,6141,6067,6099,6215,6273,6544,6502,6478,6651,6824,7013,7351,7573,7482,7334,6964,6741,6601,6058,5820,5680,5886,5935,6124,4662,4825,4750,4890,4792,4518,4843,4860,5436,5402,5553,6179,6756,5814,4864,5385,6306,7632,9453,11387,12468,14045,13942,14403,13415,14433,13357,10811,9149,7608,5138,3580,3264,3178,2589,2198,1950,1718,1528,1384,1282,1216,1180,1167,1170,1183,1203,1227,1252,1279,1306,1334,1361,1390,1420,1450,1481,1512,1544,1577,1611,1645
vnm,Vietnam,226,226,226,226,226,226,226,226,226,226,226,226,226,226,226,226,226,226,226,226,226,226,226,226,226,225,225,225,225,225,224,224,224,224,224,223,223,223,223,223,222,222,222,222,222,222,221,221,221,221,221,220,220,220,220,220,219,219,219,219,219,219,218,218,218,218,218,217,217,217,217,219,221,222,224,226,228,230,232,234,236,238,240,242,244,246,248,250,252,255,257,259,261,263,266,268,270,273,275,277,280,282,284,287,289,292,294,297,299,302,304,307,310,312,311,311,310,309,308,307,306,306,305,304,303,302,301,301,300,299,298,297,296,296,295,294,293,293,292,291,290,289,289,288,287,286,286,285,284,283,283,290,298,306,314,322,328,333,337,340,343,347,377,374,379,370,361,306,291,307,304,311,329,342,319,288,327,330,323,318,301,304,320,329,349,360,361,364,376,382,235,194,221,269,313,398,470,517,537,544,570,588,612,641,694,798,896,1041,1187,1333,1487,1594,1745,1928,2075,2166,2244,2311,2478,2619,2650,2796,2970,3148,3335,3527,3732,3941,4145,4336,4511,4666,4805,4931,5048,5161,5273,5386,5500,5617,5737,5858,5983,6110,6239,6372,6507,6646,6786,6931,7078
vut,Vanuatu,416,417,417,417,417,417,417,417,417,417,417,417,417,417,417,417,417,417,417,417,417,419,421,422,423,424,426,428,429,430,432,433,435,437,438,440,441,442,444,445,447,449,451,452,453,454,456,458,459,461,463,464,465,468,469,470,472,474,475,477,478,480,482,483,485,487,488,490,492,493,495,496,498,500,501,504,505,507,508,510,512,514,516,517,519,521,522,524,526,528,529,531,534,535,537,538,541,542,544,547,548,550,551,554,556,557,559,561,563,565,567,568,571,573,580,586,593,601,608,615,622,631,640,647,657,665,674,683,692,701,710,719,729,739,748,758,767,778,788,799,809,820,830,842,852,864,875,886,898,910,921,934,946,958,970,983,996,1009,1023,1035,1049,1063,1077,1092,1107,1122,1137,1152,1168,1183,1199,1215,1231,1248,1627,1506,1490,1433,1637,1655,1428,1452,1570,1863,1948,1927,1846,1814,1783,2021,2241,1978,1959,1934,1995,1975,2085,2178,2290,2224,2145,2012,1792,1895,2083,2254,2477,2602,2980,3039,3092,3259,3207,3317,3310,3132,3144,3161,3301,3516,3190,3206,3267,3304,3322,3339,3341,3347,3360,3385,3421,3468,3525,3590,3661,3737,3815,3896,3978,4063,4149,4237,4326,4419,4513,4608,4706,4806,4907,5013,5119
wsm,Samoa,373,373,373,373,373,373,373,374,374,374,374,374,374,374,374,374,374,374,374,374,374,375,377,378,379,381,382,383,384,386,387,389,390,391,393,394,395,397,398,399,400,402,403,404,406,407,409,410,411,413,415,416,417,419,420,421,423,424,426,427,429,430,431,433,434,436,437,439,440,442,443,445,446,448,450,451,452,454,456,457,459,460,462,463,465,467,468,470,471,473,475,476,478,479,481,483,484,486,487,489,491,492,494,496,497,499,501,503,504,506,508,510,511,513,519,526,532,539,546,552,559,566,573,579,586,593,600,607,614,621,628,636,643,651,659,666,674,682,690,698,706,714,723,731,740,748,757,766,775,784,793,802,812,821,831,840,850,860,870,880,890,900,911,921,932,942,953,964,975,986,997,1009,1020,1032,913,870,943,928,979,1102,1030,934,922,923,932,965,1013,1012,991,1056,1030,954,1623,1674,1616,1710,1820,1822,1854,1886,2007,2135,2215,2314,2607,2938,3187,3531,3707,3640,3841,4085,4147,4259,4215,4398,4567,4436,4217,4310,4050,3701,3732,3808,3906,3968,4018,4069,4126,4189,4259,4336,4419,4507,4601,4697,4796,4898,5002,5108,5216,5327,5440,5555,5673,5794,5916,6043,6171,6301,6435
yem,Yemen,197,198,198,199,199,200,200,201,202,202,203,203,204,204,205,206,206,207,207,208,209,209,210,210,211,211,212,213,213,214,215,215,216,216,217,217,218,219,219,220,221,221,222,222,223,224,224,225,226,226,227,228,228,229,230,230,231,232,232,233,234,234,235,236,236,237,238,238,239,240,240,241,242,242,243,244,244,245,246,246,247,248,249,249,250,251,251,252,253,253,254,255,256,256,257,258,259,259,260,261,261,262,263,264,264,265,266,267,267,268,269,270,270,271,272,273,274,274,275,276,277,278,278,279,280,281,281,282,283,284,284,285,286,287,288,289,289,290,291,292,293,297,301,305,309,314,318,322,327,331,336,338,340,343,345,347,348,350,352,353,355,357,359,362,364,367,371,375,379,383,453,521,551,604,625,657,738,796,840,863,844,871,861,885,892,859,851,858,866,867,837,846,869,773,627,510,470,517,584,591,645,705,758,767,799,886,1008,1103,1224,1321,1427,1257,1428,1614,1611,1333,1289,1177,948,942,872,855,856,895,933,969,1001,1034,1066,1097,1128,1156,1184,1211,1238,1265,1292,1319,1347,1376,1405,1435,1465,1496,1528,1561,1594,1627,1662,1697,1733
zaf,South Africa,800,791,782,773,765,724,724,786,687,672,742,589,596,752,761,633,659,685,727,628,621,734,685,690,696,701,707,711,714,717,683,650,646,641,637,633,629,625,621,617,613,599,585,571,550,529,509,490,508,526,545,645,676,727,707,759,611,724,633,654,676,637,469,502,700,515,536,634,641,633,672,675,995,857,817,910,1017,960,936,1038,1199,1134,1073,825,748,631,746,851,960,950,957,997,972,964,936,1077,1126,1054,1264,1110,781,848,1022,1380,1393,1499,1633,1615,1279,1351,1045,1055,1065,1075,1085,1095,1105,1115,1125,1152,1179,1207,1235,1264,1293,1389,1436,1474,1598,1572,1493,1421,1377,1536,1714,1911,2107,2261,2184,2308,2427,2503,2542,2560,2610,2635,2685,2668,2826,2816,2990,3051,3076,3127,3251,3351,3460,3517,3529,3606,3620,3657,3787,3955,4160,4293,4371,4551,4623,4708,4831,4905,4854,4941,5106,5060,5045,4917,4942,5002,5197,5330,5165,4931,5045,4855,4737,4724,4809,5154,5168,5297,5537,5868,6167,6388,6349,6251,5670,5413,5129,4685,4357,4571,5476,7104,7856,8214,8068,7820,8182,9031,9485,9044,8133,7341,6655,6442,6602,6797,6010,6103,6130,6122,6109,6096,6082,6077,6088,6121,6176,6255,6354,6469,6596,6731,6872,7017,7166,7318,7473,7632,7794,7960,8128,8301,8477,8657,8841,9029,9220
zmb,Zambia,213,214,215,215,215,216,216,217,217,218,219,219,220,220,221,221,222,222,223,223,224,224,225,226,226,227,227,228,228,229,229,230,231,231,232,232,233,233,234,234,235,235,236,237,237,238,238,239,240,240,241,241,242,243,243,244,244,245,245,246,247,247,248,248,249,250,250,251,251,252,253,253,254,254,255,256,256,257,258,258,259,259,260,261,262,262,262,263,264,264,265,266,266,267,268,268,269,270,270,271,272,272,273,274,274,275,276,276,277,278,278,279,276,274,279,285,291,297,303,309,315,318,320,323,325,327,329,331,333,335,337,339,341,342,344,345,346,348,348,350,350,351,351,352,352,352,351,351,350,350,349,363,377,392,407,388,423,431,409,482,506,503,493,499,559,653,610,650,650,638,657,647,695,677,720,681,710,665,657,627,635,660,626,598,582,580,570,571,594,728,777,689,613,639,577,605,627,627,569,544,495,514,525,571,603,709,896,1115,1429,1538,1594,1653,1915,1972,1986,1755,1522,1417,1500,1457,1160,1133,1111,1093,1078,1064,1049,1037,1029,1027,1030,1039,1053,1070,1090,1112,1135,1159,1184,1209,1235,1261,1288,1315,1343,1371,1401,1430,1461,1492,1523
zwe,Zimbabwe,443,444,444,445,445,446,446,446,447,448,448,449,449,450,451,451,452,452,453,453,454,454,455,455,456,457,457,458,458,459,459,460,461,461,462,462,462,463,464,465,465,466,466,467,467,467,468,469,470,470,471,471,472,472,472,473,474,475,475,476,476,477,477,478,479,479,480,480,481,481,482,483,483,484,484,485,485,486,487,488,488,488,489,489,490,491,492,492,493,493,493,494,495,496,496,497,497,498,498,499,500,500,501,502,502,503,503,504,505,505,506,506,507,508,509,509,509,510,511,511,512,509,505,503,499,496,493,490,486,483,479,476,482,488,493,499,505,511,517,523,529,534,540,546,551,557,563,569,574,580,586,604,605,635,646,675,746,773,758,773,784,809,803,778,833,869,863,916,910,1000,1193,1271,1350,1373,1381,1370,1339,1216,1239,1229,1327,1455,1466,1447,1377,1431,1429,1371,1459,1530,1554,1501,1193,1076,1039,988,1082,1097,979,887,765,793,714,613,590,583,548,520,400,577,832,1234,1428,1479,1512,1544,1544,1471,1406,1233,1140,1152,1174,1177,1183,1191,1199,1208,1219,1233,1250,1270,1292,1317,1344,1372,1401,1430,1461,1492,1523,1556,1589,1623,1657,1692,1728,1765,1802,1840,1880
